0,62.7307440117204,3.59843648341197e-12,1.20258320499744,62.7307440117204,-3.59843648341197e-12,-1.20258320499744,0
0.01,63.9853587066204,5.28630095500589e-08,1.22663483877788,63.9853587066203,-5.28605762243825e-08,-1.22663483877725,0
0.016,64.7381278200908,2.24287589046297e-10,1.24106586761158,64.7381278200909,1.7671930678627e-10,-1.24106586751134,1
0.02,65.239973597343,4.96054381204404e-08,1.25068650461381,65.2399735973431,-4.96051876575955e-08,-1.25068650461373,1
0.03,66.4945884872889,4.66110826923341e-08,1.27473817032016,66.494588487289,-4.6610293283865e-08,-1.27473817031996,1
0.04,67.7492033765283,4.38513416078055e-08,1.29878983590806,67.7492033765281,-4.38508914336194e-08,-1.29878983590797,1
0.05,69.003818265124,4.13042788279319e-08,1.32284150138839,69.003818265124,-4.13045754678147e-08,-1.32284150138846,1
0.06,70.2584331531331,3.89493577473109e-08,1.34689316677054,70.2584331531331,-3.89490795180483e-08,-1.34689316677049,1
0.07,71.513048040606,3.67706747810698e-08,1.37094483206364,71.5130480406058,-3.67709895982525e-08,-1.37094483206371,1
0.08,72.7676629275879,3.47505830723596e-08,1.39499649727481,72.767662927588,-3.47506305398149e-08,-1.3949964972748,1
0.09,74.02227781412,3.2875423697145e-08,1.41904816241118,74.0222778141199,-3.28756045097581e-08,-1.4190481624112,1
0.1,75.2768927002393,3.11328081253372e-08,1.44309982747892,75.2768927002393,-3.11328544784495e-08,-1.44309982747893,1
0.11,76.5315075859789,2.95103750359849e-08,1.46715149248347,76.5315075859789,-2.95102473720464e-08,-1.46715149248345,1
0.12,77.7861224713689,2.79987666864257e-08,1.49120315743014,77.7861224713688,-2.79989570983481e-08,-1.49120315743017,1
0.13,79.0407373564367,2.65888583010718e-08,1.51525482232346,79.0407373564368,-2.65889652927443e-08,-1.51525482232347,1
0.14,80.2953522412074,2.52704468277614e-08,1.53930648716712,80.2953522412073,-2.52705819189184e-08,-1.53930648716715,1
0.15,81.549967125703,2.40389822622408e-08,1.56335815196568,81.549967125703,-2.40389995958146e-08,-1.56335815196569,1
0.16,82.8045820099446,2.2886267767204e-08,1.58740981672215,82.8045820099444,-2.2886205336024e-08,-1.58740981672215,1
0.17,84.0591968939498,2.18049603043641e-08,1.61146148143943,84.0591968939499,-2.18049231669702e-08,-1.61146148143942,1
0.18,85.3138117777371,2.07900702046699e-08,1.63551314612047,85.313811777737,-2.07900456585496e-08,-1.63551314612046,1
0.19,86.5684266613213,1.98395462495515e-08,1.65956481076865,86.5684266613213,-1.98394671760849e-08,-1.65956481076865,1
0.2,87.8230415447166,1.89437403925411e-08,1.68361647538511,87.8230415447165,-1.89437225563312e-08,-1.68361647538511,1
0.21,89.0776564279367,1.81005008852413e-08,1.70766813997249,89.0776564279367,-1.8100574120496e-08,-1.70766813997249,1
0.22,90.3322713109929,1.73080366165559e-08,1.7317198045334,90.3322713109928,-1.73078531708493e-08,-1.73171980453338,1
0.23,91.586886193897,1.65601931167558e-08,1.75577146906893,91.5868861938969,-1.65603052111173e-08,-1.75577146906894,1
0.24,92.8415010766586,1.58561971595229e-08,1.77982313358138,92.8415010766587,-1.58562045978004e-08,-1.77982313358138,1
0.25,94.0961159592872,1.51907185680193e-08,1.80387479807181,94.0961159592873,-1.51906759816422e-08,-1.80387479807181,1
0.26,95.3507308417916,1.45602483479345e-08,1.82792646254134,95.3507308417916,-1.45602403046723e-08,-1.82792646254134,1
0.27,96.6053457241797,1.39663502943688e-08,1.85197812699232,96.6053457241795,-1.39661740280322e-08,-1.85197812699231,1
0.28,97.8599606064587,1.34031076758079e-08,1.87602979142512,97.8599606064588,-1.34030157198511e-08,-1.87602979142511,1
0.29,99.1145754886353,1.28692943829768e-08,1.90008145584107,99.1145754886354,-1.28696087348199e-08,-1.90008145584111,1
0.3,100.369190370717,1.23640185633114e-08,1.92413312024142,100.369190370717,-1.2363911897767e-08,-1.92413312024141,1
0.31,101.623805252707,1.18854390311878e-08,1.94818478462717,101.623805252707,-1.18854947116914e-08,-1.94818478462717,1
0.32,102.878420134614,1.14303682604081e-08,1.97223644899885,102.878420134614,-1.14302678676237e-08,-1.97223644899884,1
0.33,104.133035016441,1.09980632797494e-08,1.99628811335747,104.133035016441,-1.09981189342322e-08,-1.99628811335748,1
0.34,105.387649898192,1.05880581164654e-08,2.02033977770402,105.387649898192,-1.05880408152008e-08,-2.02033977770402,1
0.35,106.642264779874,1.01974533775907e-08,2.04439144203883,106.642264779873,-1.01972880387109e-08,-2.04439144203882,1
0.36,107.896879661489,9.82660360395772e-09,2.06844310636302,107.896879661489,-9.82667485642345e-09,-2.06844310636303,1
0.37,109.151494543041,9.47257804270393e-09,2.09249477067663,109.151494543041,-9.47227241066516e-09,-2.0924947706766,1
0.38,110.406109424534,9.13482631008898e-09,2.11654643498049,110.406109424534,-9.13470307164696e-09,-2.11654643498048,1
0.39,111.660724305971,8.81519733163943e-09,2.14059809927584,111.660724305971,-8.81517988509176e-09,-2.14059809927584,1
0.4,112.915339187355,8.50823982621873e-09,2.16464976356201,112.915339187355,-8.5082197752006e-09,-2.16464976356201,1
0.41,114.16995406869,8.21664094098964e-09,2.18870142784036,114.169954068689,-8.21683132840902e-09,-2.18870142784038,1
0.42,115.424568949977,7.9375012391851e-09,2.21275309211077,115.424568949977,-7.93728359579048e-09,-2.21275309211075,1
0.43,116.679183831219,7.67152939784577e-09,2.23680475637407,116.679183831219,-7.6717002817691e-09,-2.23680475637408,1
0.44,117.933798712419,7.41727024201541e-09,2.26085642063048,117.933798712419,-7.41731747940302e-09,-2.26085642063048,1
0.45,119.188413593578,7.17240160514644e-09,2.28490808487983,119.188413593579,-7.17238814000598e-09,-2.28490808487982,1
0.46,120.4430284747,6.94145950788649e-09,2.30895974912384,120.4430284747,-6.94149661904266e-09,-2.30895974912384,1
0.47,121.697643355786,6.71638913886038e-09,2.3330114133609,121.697643355786,-6.71637517498692e-09,-2.3330114133609,1
0.48,122.952258236837,6.50440518286388e-09,2.35706307759333,122.952258236837,-6.50415324420298e-09,-2.35706307759331,1
0.49,124.206873117855,6.29983894022933e-09,2.38111474182007,124.206873117855,-6.29988119202167e-09,-2.38111474182007,1
0.5,125.461487998843,6.10474194654743e-09,2.40516640604197,125.461487998842,-6.10468687146232e-09,-2.40516640604197,1
0.51,126.7161028798,5.91598751627578e-09,2.42921807025864,126.7161028798,-5.91592860007921e-09,-2.42921807025864,1
0.52,127.97071776073,5.73423434083176e-09,2.45326973447059,127.97071776073,-5.734199226776e-09,-2.45326973447058,1
0.53,129.225332641633,5.56146750483807e-09,2.47732139867864,129.225332641633,-5.56150231575091e-09,-2.47732139867864,1
0.54,130.479947522511,5.39496099573669e-09,2.50137306288233,130.479947522511,-5.39492917700501e-09,-2.50137306288233,1
0.55,131.734562403364,5.23603684086764e-09,2.52542472708245,131.734562403364,-5.23599569084154e-09,-2.52542472708244,1
0.56,132.989177284194,5.0801078857899e-09,2.54947639127787,132.989177284194,-5.08018677060525e-09,-2.54947639127787,1
0.57,134.243792165002,4.93402714019965e-09,2.57352805547078,134.243792165002,-4.93386577492087e-09,-2.57352805547076,1
0.58,135.498407045789,4.79254195009937e-09,2.59757971966001,135.49840704579,-4.79253484597306e-09,-2.59757971966001,1
0.59,136.753021926556,4.65571597225121e-09,2.62163138384577,136.753021926556,-4.65586286841832e-09,-2.62163138384578,1
0.6,138.007636807305,4.52411868189471e-09,2.64568304802841,138.007636807304,-4.52401984537415e-09,-2.64568304802841,1
0.61,139.262251688034,4.39678204413284e-09,2.66973471220794,139.262251688034,-4.39648133003512e-09,-2.66973471220791,1
0.62,140.516866568746,4.27593798628216e-09,2.69378637638508,140.516866568746,-4.27580885606869e-09,-2.69378637638507,1
0.63,141.771481449441,4.15601509760541e-09,2.71783804055868,141.771481449441,-4.15617233424231e-09,-2.71783804055869,1
0.64,143.026096330121,4.04436072045516e-09,2.74188970473061,143.026096330121,-4.04432668756581e-09,-2.74188970473061,1
0.65,144.280711210785,3.93769568709547e-09,2.76594136890043,144.280711210785,-3.93785956360332e-09,-2.76594136890045,1
0.66,145.535326091434,3.83028595190953e-09,2.78999303306652,145.535326091434,-3.83015720344364e-09,-2.78999303306651,1
0.67,146.78994097207,3.72936328617724e-09,2.81404469723112,146.78994097207,-3.72924690878341e-09,-2.81404469723111,1
0.68,148.044555852692,3.63180854292232e-09,2.83809636139349,148.044555852691,-3.63179011430431e-09,-2.83809636139349,1
0.69,149.2991707333,3.53644127979065e-09,2.86214802555355,149.2991707333,-3.53653185263068e-09,-2.86214802555356,1
0.7,150.553785613897,3.44624098388199e-09,2.88619968971196,150.553785613897,-3.44614573856428e-09,-2.88619968971196,1
0.71,151.808400494481,3.35809467863143e-09,2.91025135386821,151.808400494481,-3.35799192152739e-09,-2.9102513538682,1
0.72,153.063015375054,3.27274657515534e-09,2.93430301802263,153.063015375054,-3.27252850350086e-09,-2.93430301802262,1
0.73,154.317630255617,3.18908436507462e-09,2.95835468217495,154.317630255617,-3.18915584847541e-09,-2.95835468217495,1
0.74,155.572245136169,3.10963089880743e-09,2.98240634632592,155.572245136169,-3.10955502232785e-09,-2.98240634632592,1
0.75,156.826860016711,3.03308583706873e-09,3.00645801047538,156.826860016711,-3.03311079670378e-09,-3.00645801047539,1
0.76,158.081474897243,2.95869775630408e-09,3.0305096746232,158.081474897243,-2.95878580924142e-09,-3.0305096746232,1
0.77,159.336089777766,2.88657494597593e-09,3.05456133876947,159.336089777766,-2.88659719434661e-09,-3.05456133876947,1
0.78,160.59070465828,2.81818458435119e-09,3.07861300291467,160.59070465828,-2.81823281410905e-09,-3.07861300291468,1
0.79,161.845319538785,2.74804414293617e-09,3.10266466705739,161.845319538785,-2.74813414136588e-09,-3.1026646670574,1
0.8,163.099934419282,2.68518949133115e-09,3.12671633120013,163.099934419282,-2.68522039391199e-09,-3.12671633120014,1
0.81,164.354549299771,2.61986432797522e-09,3.15076799534044,164.354549299772,-2.61943136799225e-09,-3.15076799534041,1
0.82,165.609164180253,2.56051624748874e-09,3.17481965948056,165.609164180253,-2.56045159369427e-09,-3.17481965948056,1
0.83,166.863779060727,2.50176581274159e-09,3.19887132361918,166.863779060727,-2.50187195244798e-09,-3.19887132361919,1
0.84,168.118393941194,2.44250345881984e-09,3.22292298775598,168.118393941194,-2.44249801623336e-09,-3.22292298775597,1
0.85,169.373008821654,2.38496291758619e-09,3.24697465189168,169.373008821654,-2.38487148074545e-09,-3.24697465189167,1
0.86,170.627623702107,2.33190181118774e-09,3.27102631602712,170.627623702107,-2.33202146276371e-09,-3.27102631602713,1
0.87,171.882238582555,2.28006592718679e-09,3.29507798016135,171.882238582555,-2.28007389357909e-09,-3.29507798016135,1
0.88,173.136853462996,2.2291731269046e-09,3.31912964429449,173.136853462995,-2.2294462527191e-09,-3.31912964429451,1
0.89,174.391468343432,2.17974771663399e-09,3.34318130842652,174.391468343432,-2.17978032184592e-09,-3.34318130842652,1
0.9,175.646083223861,2.13171334718324e-09,3.36723297255782,175.64608322386,-2.13178597571837e-09,-3.36723297255783,1
0.91,176.900698104286,2.08531147362877e-09,3.39128463668817,176.900698104286,-2.08524562157406e-09,-3.39128463668816,1
0.92,178.155312984704,2.03935663853089e-09,3.41533630081745,178.155312984704,-2.03950087645111e-09,-3.41533630081746,1
0.93,179.409927865117,1.99508570948581e-09,3.43938796494602,179.409927865117,-1.99492979503346e-09,-3.43938796494601,1
0.94,180.664542745526,1.9531122937488e-09,3.46343962907414,180.664542745526,-1.95336081901601e-09,-3.46343962907415,1
0.95,181.919157625929,1.91163935787768e-09,3.48749129320123,181.91915762593,-1.91150177652512e-09,-3.48749129320122,1
0.96,183.17377250633,1.87035854317362e-09,3.51154295732731,183.17377250633,-1.8704996972976e-09,-3.51154295732732,1
0.97,184.428387386724,1.83181022737552e-09,3.53559462145305,184.428387386725,-1.83168343036513e-09,-3.53559462145304,1
0.98,185.683002267115,1.79547642281241e-09,3.55964628557849,185.683002267115,-1.79548435570286e-09,-3.55964628557849,1
0.99,186.937617147501,1.75614864057066e-09,3.58369794970215,186.937617147501,-1.75573776058178e-09,-3.58369794970212,1
1,188.192232027883,1.72100771079955e-09,3.6077496138261,188.192232027884,-1.72138457860734e-09,-3.60774961382613,1
1.01,189.446846908262,1.68516078901445e-09,3.63180127794886,189.446846908262,-1.68515110025858e-09,-3.63180127794886,1
1.02,190.701461788637,1.64999460578949e-09,3.655852942071,190.701461788637,-1.65007653244245e-09,-3.65585294207101,1
1.03,191.956076669008,1.61806564718051e-09,3.6799046061931,191.956076669008,-1.61800120144443e-09,-3.6799046061931,1
1.04,193.210691549376,1.5873795790192e-09,3.7039562703148,193.210691549376,-1.58740641822714e-09,-3.7039562703148,1
1.05,194.46530642974,1.55826376292429e-09,3.7280079344361,194.465306429739,-1.55838018758934e-09,-3.72800793443611,1
1.06,195.719921310101,1.5234702526205e-09,3.75205959855515,195.719921310101,-1.52348607069652e-09,-3.75205959855515,1
1.07,196.974536190458,1.49452007225988e-09,3.77611126267509,196.974536190458,-1.49443211765968e-09,-3.77611126267508,1
1.08,198.229151070814,1.46375449131333e-09,3.80016292679379,198.229151070814,-1.46401989836731e-09,-3.80016292679381,1
1.09,199.483765951165,1.43645925146027e-09,3.82421459091272,199.483765951165,-1.43655050821503e-09,-3.82421459091273,1
1.1,200.738380831513,1.40907547132099e-09,3.848266255031,200.738380831514,-1.40925418123244e-09,-3.84826625503101,1
1.11,201.992995711859,1.3822078817876e-09,3.87231791914868,201.992995711859,-1.38212602918564e-09,-3.87231791914868,1
1.12,203.247610592203,1.35579091389056e-09,3.89636958326599,203.247610592203,-1.35606809115174e-09,-3.896369583266,1
1.13,204.502225472543,1.32912801641474e-09,3.92042124738261,204.502225472543,-1.32931523850587e-09,-3.92042124738262,1
1.14,205.75684035288,1.30545835036119e-09,3.94447291149931,205.756840352881,-1.30532267752972e-09,-3.9444729114993,1
1.15,207.011455233216,1.28078367887547e-09,3.96852457561532,207.011455233217,-1.28100857644999e-09,-3.96852457561533,1
1.16,208.26607011355,1.25882055940132e-09,3.99257623973152,208.26607011355,-1.25879312041274e-09,-3.99257623973152,1
1.17,209.52068499388,1.23248591053001e-09,4.01662790384597,209.52068499388,-1.23261663603855e-09,-4.01662790384598,1
1.18,210.775299874208,1.21225527359436e-09,4.04067956796151,210.775299874209,-1.21245321367449e-09,-4.04067956796153,1
1.19,212.029914754534,1.19032745736925e-09,4.06473123207616,212.029914754534,-1.19021593091278e-09,-4.06473123207615,1
1.2,213.284529634859,1.16906591189365e-09,4.08878289619042,213.284529634859,-1.16893187468957e-09,-4.08878289619041,1
1.21,214.539144515181,1.14716709753455e-09,4.11283456030411,214.539144515181,-1.14743704501038e-09,-4.11283456030413,1
1.22,215.7937593955,1.12520706337452e-09,4.13688622441735,215.7937593955,-1.12526038866575e-09,-4.13688622441735,1
1.23,217.048374275819,1.10654235004493e-09,4.1609378885309,217.048374275819,-1.10653606481652e-09,-4.16093788853089,1
1.24,218.302989156135,1.08869595879645e-09,4.18498955264431,218.302989156135,-1.08871711006295e-09,-4.18498955264431,1
1.25,219.55760403645,1.06871227080647e-09,4.20904121675675,219.55760403645,-1.06883935838305e-09,-4.20904121675675,1
1.26,220.812218916761,1.05203514617295e-09,4.23309288086962,220.812218916761,-1.05158391152868e-09,-4.23309288086958,1
1.27,222.066833797072,1.0296989106642e-09,4.25714454498066,222.066833797072,-1.02959745221752e-09,-4.25714454498065,1
1.28,223.321448677381,1.01348732249422e-09,4.28119620909285,223.321448677381,-1.01319720311171e-09,-4.28119620909283,1
1.29,224.576063557689,9.96083960105865e-10,4.30524787320434,224.576063557689,-9.96141602039625e-10,-4.30524787320435,1
1.3,225.830678437994,9.79603517227423e-10,4.32929953731586,225.830678437994,-9.79558891357583e-10,-4.32929953731586,1
1.31,227.085293318298,9.62700759062941e-10,4.35335120142683,227.085293318298,-9.62843561282643e-10,-4.35335120142684,1
1.32,228.339908198601,9.46186170212859e-10,4.37740286553752,228.339908198601,-9.45973283646845e-10,-4.37740286553751,1
1.33,229.594523078903,9.30913075358059e-10,4.4014545296483,229.594523078902,-9.31143864595606e-10,-4.40145452964831,1
1.34,230.849137959202,9.16238241744152e-10,4.42550619375875,230.849137959202,-9.153963699245e-10,-4.42550619375869,1
1.35,232.1037528395,9.01449393212947e-10,4.44955785786913,232.1037528395,-9.01727310767368e-10,-4.44955785786915,1
1.36,233.358367719797,8.85480972833558e-10,4.47360952197867,233.358367719796,-8.8553998313888e-10,-4.47360952197868,1
1.37,234.612982600093,8.7275769532387e-10,4.49766118608881,234.612982600092,-8.72940173596813e-10,-4.49766118608882,1
1.38,235.867597480387,8.58257011141818e-10,4.52171285019812,235.867597480387,-8.58132038410002e-10,-4.52171285019812,1
1.39,237.122212360681,8.43575744305901e-10,4.54576451430722,237.122212360681,-8.43316251357938e-10,-4.5457645143072,1
1.4,238.376827240972,8.28422247033805e-10,4.56981617841586,238.376827240972,-8.28224223686953e-10,-4.56981617841585,1
1.41,239.631442121263,8.16466215816658e-10,4.59386784252508,239.631442121263,-8.16609348934863e-10,-4.5938678425251,1
1.42,240.886057001552,8.03019533897678e-10,4.61791950663378,240.886057001552,-8.03211766845988e-10,-4.6179195066338,1
1.43,242.140671881841,7.91184400980582e-10,4.64197117074248,242.140671881841,-7.91046193718108e-10,-4.64197117074247,1
1.44,243.395286762127,7.77215701519562e-10,4.66602283485048,243.395286762127,-7.77000781207113e-10,-4.66602283485047,1
1.45,244.649901642414,7.64854407564984e-10,4.69007449895861,244.649901642414,-7.65059269083358e-10,-4.69007449895862,1
1.46,245.904516522699,7.55257162257487e-10,4.71412616306716,245.904516522699,-7.54865207993304e-10,-4.71412616306713,1
1.47,247.159131402983,7.40950862189275e-10,4.73817782717442,247.159131402983,-7.40996112667987e-10,-4.73817782717442,1
1.48,248.413746283266,7.30754636381163e-10,4.7622294912824,248.413746283267,-7.30393390517212e-10,-4.76222949128238,1
1.49,249.668361163549,7.18113317833662e-10,4.78628115538953,249.668361163549,-7.17935043771482e-10,-4.78628115538951,1
1.5,250.92297604383,7.09430305408272e-10,4.81033281949747,250.92297604383,-7.09024686402007e-10,-4.81033281949745,1
1.51,252.17759092411,6.9895058317504e-10,4.8343844836048,252.177590924111,-6.98861123919065e-10,-4.83438448360479,1
1.52,253.432205804389,6.87648999482711e-10,4.85843614771178,253.432205804389,-6.87864164716431e-10,-4.85843614771179,1
1.53,254.686820684668,6.73904658097212e-10,4.88248781181774,254.686820684668,-6.73795006334715e-10,-4.88248781181773,1
1.54,255.941435564946,6.65445838514932e-10,4.90653947592502,255.941435564945,-6.65330896387935e-10,-4.90653947592501,1
1.55,257.196050445222,6.60265720027996e-10,4.93059114003293,257.196050445222,-6.59846991282742e-10,-4.93059114003291,1
1.56,258.450665325499,6.44736953387369e-10,4.954642804138,258.450665325499,-6.4493873436211e-10,-4.95464280413802,1
1.57,259.705280205774,6.39719866055849e-10,4.97869446824558,259.705280205774,-6.39895941139182e-10,-4.97869446824559,1
1.58,260.959895086047,6.29557454128252e-10,5.0027461323516,260.959895086048,-6.29099827244815e-10,-5.00274613235157,1
1.59,262.214509966322,6.22551810341813e-10,5.02679779645837,262.214509966322,-6.22402764743901e-10,-5.02679779645837,1
1.6,263.469124846595,6.11676912571323e-10,5.05084946056391,263.469124846595,-6.11531727383666e-10,-5.0508494605639,1
1.61,264.723739726867,5.99126753959324e-10,5.07490112466886,264.723739726867,-5.99230972567893e-10,-5.07490112466886,1
1.62,265.978354607139,5.9353371371397e-10,5.09895278877555,265.978354607138,-5.93620079307466e-10,-5.09895278877555,1
1.63,267.232969487409,5.82613348082232e-10,5.12300445288065,267.232969487409,-5.82479036575004e-10,-5.12300445288064,1
1.64,268.487584367679,5.76146708141691e-10,5.14705611698673,268.487584367679,-5.76400995292922e-10,-5.14705611698675,1
1.65,269.742199247948,5.68005732292515e-10,5.17110778109219,269.742199247949,-5.67991643952645e-10,-5.17110778109219,1
1.66,270.996814128218,5.61933277036866e-10,5.19515944519795,270.996814128218,-5.61122160129719e-10,-5.1951594451979,1
1.67,272.251429008487,5.51838426517126e-10,5.21921110930278,272.251429008486,-5.51920242581466e-10,-5.21921110930278,1
1.68,273.506043888754,5.40967929414833e-10,5.24326277340726,273.506043888754,-5.41170886965772e-10,-5.24326277340728,1
1.69,274.76065876902,5.38320517611164e-10,5.2673144375135,274.760658769021,-5.37657705358165e-10,-5.26731443751346,1
1.7,276.015273649287,5.27939169052589e-10,5.29136610161785,276.015273649287,-5.27677950596869e-10,-5.29136610161783,1
1.71,277.269888529553,5.22096161876401e-10,5.31541776572314,277.269888529553,-5.22428884658019e-10,-5.31541776572316,1
1.72,278.524503409819,5.16364083327607e-10,5.33946942982818,278.524503409819,-5.15900519461494e-10,-5.33946942982815,1
1.73,279.779118290083,5.10451990680567e-10,5.36352109393336,279.779118290083,-5.10289123998621e-10,-5.36352109393335,1
1.74,281.033733170347,5.00968710091809e-10,5.38757275803728,281.033733170347,-5.00947527383444e-10,-5.38757275803728,1
1.75,282.288348050612,4.93483177823988e-10,5.41162442214166,282.288348050612,-4.93551537313064e-10,-5.41162442214167,1
1.76,283.542962930874,4.8923624222999e-10,5.43567608624689,283.542962930873,-4.89500660383162e-10,-5.43567608624691,1
1.77,284.797577811136,4.8307308186165e-10,5.45972775035132,284.797577811136,-4.82767550003156e-10,-5.4597277503513,1
1.78,286.052192691398,4.71633583207752e-10,5.48377941445441,286.052192691398,-4.71796859284439e-10,-5.48377941445442,1
1.79,287.30680757166,4.68264245954975e-10,5.5078310785594,287.30680757166,-4.6791552999869e-10,-5.50783107855938,1
1.8,288.561422451921,4.634403179141e-10,5.53188274266397,288.561422451921,-4.63429459629343e-10,-5.53188274266397,1
1.81,289.816037332182,4.53429367403696e-10,5.55593440676689,289.816037332182,-4.53217740030085e-10,-5.55593440676688,1
1.82,291.070652212442,4.48681439604078e-10,5.57998607087131,291.070652212443,-4.48880351725661e-10,-5.57998607087132,1
1.83,292.325267092703,4.45221105696645e-10,5.60403773497593,292.325267092703,-4.45428635707616e-10,-5.60403773497594,1
1.84,293.579881972962,4.42197062224415e-10,5.62808939908059,293.579881972962,-4.41912368840097e-10,-5.62808939908058,1
1.85,294.834496853221,4.33721230209006e-10,5.65214106318362,294.834496853221,-4.33894894026707e-10,-5.65214106318362,1
1.86,296.089111733479,4.29673039281566e-10,5.67619272728782,296.08911173348,-4.2971694860219e-10,-5.67619272728782,1
1.87,297.343726613738,4.26039668550548e-10,5.70024439139192,297.343726613738,-4.26184146350497e-10,-5.70024439139193,1
1.88,298.598341493994,4.17802130728544e-10,5.72429605549494,298.598341493995,-4.18221567674657e-10,-5.72429605549497,1
1.89,299.852956374253,4.09432225536438e-10,5.74834771959769,299.852956374252,-4.09782203720892e-10,-5.74834771959771,1
1.9,301.10757125451,4.07452281333057e-10,5.77239938370195,301.10757125451,-4.07189549005843e-10,-5.77239938370193,1
1.91,302.362186134766,3.99463355243383e-10,5.79645104780472,302.362186134767,-3.99783598966415e-10,-5.79645104780473,1
1.92,303.616801015023,3.96484494704068e-10,5.82050271190872,303.616801015023,-3.9675694272958e-10,-5.82050271190874,1
1.93,304.871415895278,3.94931629500023e-10,5.84455437601282,304.871415895278,-3.947835518236e-10,-5.84455437601281,1
1.94,306.126030775534,3.84945651526677e-10,5.86860604011473,306.126030775534,-3.84755960924042e-10,-5.86860604011472,1
1.95,307.38064565579,3.79894572668116e-10,5.89265770421792,307.380645655789,-3.80226269686059e-10,-5.89265770421794,1
1.96,308.635260536045,3.75354641303245e-10,5.91670936832119,308.635260536044,-3.7576244660319e-10,-5.91670936832121,1
1.97,309.889875416299,3.73583768250012e-10,5.94076103242498,309.889875416299,-3.73610354025694e-10,-5.94076103242498,1
1.98,311.144490296554,3.65010135994475e-10,5.96481269652704,311.144490296554,-3.65247010967237e-10,-5.96481269652705,1
1.99,312.399105176807,3.64832357466899e-10,5.98886436063117,312.399105176808,-3.64692143075152e-10,-5.98886436063117,1
2,313.653720057062,3.6061736100523e-10,6.0129160247343,313.653720057062,-3.61274591785445e-10,-6.01291602473434,1
2.1,326.199868859766,3.62839368251398e-10,6.25343266579078,326.199868859765,-3.63428932185095e-10,-6.25343266579081,1
2.2,338.746017662242,3.25753426891427e-10,6.49394930681219,338.746017662242,-3.25866987365385e-10,-6.49394930681219,1
2.3,351.292166464701,2.90081379218914e-10,6.73446594782945,351.292166464701,-2.89826613988735e-10,-6.73446594782944,1
2.4,363.837683772036,0.000362442198903178,6.9750046834498,363.837683772037,-0.000362442199223805,-6.97500468344981,1
2.5,376.383852070021,0.000351009361171391,7.21552071846321,376.383852070023,-0.000351009371676449,-7.21552071846374,1
2.6,388.930020557729,0.000339500501327819,7.45603674126253,388.930020557728,-0.000339500500276617,-7.45603674126248,1
2.7,401.476187817185,0.00032872909131253,7.69655279877217,401.476187817185,-0.000328729093265912,-7.69655279877227,1
2.8,414.022353957311,0.000318627431964154,7.93706888821809,414.022353957313,-0.000318627440314051,-7.93706888821849,1
2.9,426.568519077242,0.000309134374868899,8.17758500703,426.568519077241,-0.000309134366745074,-8.17758500702961,1
3,439.114683264702,0.000300196034073686,8.41810115290976,439.114683264696,-0.000300196020358133,-8.41810115290913,1
3.1,451.660846597629,0.000291764748715961,8.65861732378459,451.660846597633,-0.000291764732917659,-8.65861732378383,1
3.2,464.207009145486,0.000283798239978592,8.89913351780742,464.207009145463,-0.000283798160405512,-8.89913351780379,1
3.3,476.753170970364,0.000276258719951379,9.13964973328145,476.753170970368,-0.000276258719802747,-9.13964973328143,1
3.4,489.299332127978,0.000269112623845461,9.38016596872162,489.299332127976,-0.000269112589017974,-9.38016596872005,1
3.5,501.845492668456,0.000262329642872946,9.62068222273161,501.845492668445,-0.00026232961878405,-9.62068222273057,1
3.6,514.391652637027,0.000255882634550521,9.861198494047,514.391652637011,-0.000255882594903089,-9.86119849404529,1
3.7,526.937812074525,0.000249746998382897,10.1017147815381,526.937812074557,-0.000249747058743188,-10.1017147815407,1
3.8,539.483971018082,0.000243900730397124,10.3422310841796,539.483971018092,-0.000243900749578327,-10.3422310841804,1
3.9,552.03012950137,0.000238323614431939,10.5827474010004,552.030129501364,-0.000238323547896695,-10.5827474009976,1
4,564.576287555124,0.000232997265178982,10.823263731101,564.576287555112,-0.000232997308899239,-10.8232637311029,1
4.1,577.122445207343,0.000227905257525565,11.0637800736929,577.122445207317,-0.000227905172704502,-11.0637800736894,1
4.2,589.668602483537,0.00022303224957926,11.3042964280906,589.66860248354,-0.000223032342111458,-11.3042964280945,1
4.3,602.214759407312,0.000218364312244717,11.544812793559,602.214759407347,-0.000218364445249122,-11.5448127935643,1
4.4,614.760916000397,0.00021388886804371,11.785329169397,614.760916000386,-0.000213888853457031,-11.7853291693964,1
4.5,627.307072282389,0.00020959412189095,12.025845555148,627.30707228236,-0.00020959407271955,-12.0258455551461,1
4.6,639.853228271656,0.00020546920586094,12.2663619501936,639.853228271631,-0.00020546902603526,-12.2663619501865,1
4.7,652.399383985197,0.00020150402715027,12.5068783539908,652.399383985179,-0.000201504081217812,-12.506878353993,1
4.8,664.945539438316,0.000197689896430576,12.7473947662377,664.945539438296,-0.000197689970328199,-12.7473947662406,1
4.9,677.491694645677,0.000194018379185242,12.9879111863764,677.491694645671,-0.000194017936783512,-12.9879111863595,1
5,690.03784962057,0.000190480727498487,13.2284276140535,690.037849620587,-0.00019048058362182,-13.228427614048,1
5.1,702.584004375649,0.000187070471832109,13.4689440487971,702.584004375599,-0.000187070275879726,-13.4689440487898,1
5.2,715.130158922308,0.00018378073185694,13.7094604903263,715.130158922293,-0.00018378085014571,-13.7094604903308,1
5.3,727.676313271112,0.000180605062446441,13.949976938412,727.67631327111,-0.000180605117744448,-13.9499769384141,1
5.4,740.222467432579,0.0001775376785185,14.1904933925213,740.222467432564,-0.000177537697151731,-14.190493392522,1
5.5,752.768621415838,0.000174573251162136,14.4310098524626,752.768621415831,-0.000174573048497108,-14.4310098524553,1
5.6,765.314775229624,0.000171706117660293,14.6715263179891,765.314775229632,-0.000171706399739536,-14.6715263179993,1
5.7,777.860928881963,0.000168932284279501,14.9120427889411,777.860928881963,-0.000168932187699433,-14.9120427889376,1
5.8,790.407082380775,0.000166246853346791,15.1525592649346,790.407082380774,-0.000166246838577326,-15.1525592649341,1
5.9,802.953235733133,0.000163645717442659,15.3930757457987,802.953235733133,-0.000163645729045695,-15.3930757457991,1
6,815.499388945811,0.000161124862472333,15.6335922313255,815.499388945809,-0.000161125014061504,-15.6335922313309,1
6.1,828.045542024923,0.000158686257580121,15.8741087214891,828.045542025381,-0.000158675555322802,-15.8741087211163,1
6.2,840.59196973964,-6.84935769397228e-11,16.1146149474387,840.591969739641,-4.71870258985469e-10,-16.1146149474574,1
6.3,853.138118559023,-2.57639894390548e-11,16.3551315879532,853.138118559021,-5.51618981070069e-11,-16.355131587956,1
6.4,865.684265341071,1.81241365557563e-08,16.5956482870466,865.684265341073,-2.34669726489e-08,-16.5956482872282,1
6.5,878.230416164172,6.17012601685502e-12,16.8361648699559,878.230416164171,-6.70486474298014e-12,-16.8361648699559,1
6.55,884.503490530155,8.61412680715126e-10,16.9564231914611,884.503490530152,9.49709652283207e-11,-16.956423191429,1
6.6,890.77656375332,9.54657955115688e-09,17.0766815457496,890.776563753333,-1.50445476141249e-08,-17.0766815459337,1
6.65,897.049639367245,-1.66583008928601e-11,17.1969398314663,897.049639367243,-4.52185996200445e-11,-17.1969398314684,1
6.7,903.322713768439,-1.76053708558169e-11,17.3171981519441,903.322713768441,-6.85412279233591e-11,-17.3171981519469,1
6.75,909.595788169938,-5.89204055444082e-12,17.4374564724572,909.595788169938,-2.30878640756712e-11,-17.4374564724582,1
6.8,915.868862487775,8.45246797912472e-10,17.5577147953546,915.868862487776,-8.36503669506905e-10,-17.5577147953544,1
6.85,922.141936592631,3.74169429333776e-09,17.6779731243695,922.141936592629,-3.78415440801633e-09,-17.6779731243709,1
6.9,928.413131979061,1.60043082657351e-05,17.7982853760216,928.41313197711,-2.11037176782374e-05,-17.7982855433484,1
6.92,930.924241133375,-4.6157611282118e-11,17.8463347621693,930.924241133372,-8.64566267546224e-11,-17.8463347621737,1
6.94,933.43333652427,7.63061240983884e-05,17.8944433048536,933.433336525863,-7.62962540927516e-05,-17.8944433045283,1
6.96,935.942700456752,2.36137864332285e-09,17.9425414242608,935.942700456748,-1.55378832590841e-09,-17.9425414242344,1
6.98,938.451796763293,7.58895332076678e-05,17.9906499341073,938.451796761455,-7.58966087279896e-05,-17.9906499343407,1
7,940.961160139218,1.9428798993899e-10,18.0387480759981,940.961160139222,-5.4045281115266e-10,-18.0387480760094,1
7.02,943.470389874051,8.4487257455705e-10,18.0868514049492,943.470389874049,-3.9307079660112e-10,-18.0868514049344,1
7.04,945.979619670621,4.05024243486864e-10,18.1349547321061,945.979619670617,-1.1562512542741e-10,-18.1349547320967,1
7.06,948.488849433165,1.12589581890499e-10,18.1830580602404,948.488849433165,-3.85222899328759e-10,-18.1830580602492,1
7.08,950.99807913724,1.03429616932736e-09,18.2311613900688,950.998079137236,-5.31816780649746e-10,-18.2311613900525,1
7.1,953.507308917554,8.11774025373502e-10,18.2792647176992,953.507308917552,-3.78756073881226e-10,-18.2792647176852,1
7.12,956.016538507143,2.67045417785719e-09,18.3273680508141,956.016538507137,-1.83246338013256e-09,-18.327368050787,1
7.14,958.525768495009,-6.72200102113003e-12,18.3754713724689,958.525768495008,-1.05882899114631e-10,-18.3754713724725,1
7.16,961.034997967609,3.2979685677813e-09,18.4235747089519,961.034997967605,-2.36850316718054e-09,-18.423574708922,1
7.18,963.544227945019,4.93795463340444e-10,18.4716780308975,963.544227945022,-9.63119255910903e-10,-18.4716780309126,1
7.2,966.053457349076,3.61440625936934e-09,18.5197813693228,966.053457349082,-4.72642350414889e-09,-18.5197813693586,1
7.22,968.56268748837,3.20408685911336e-10,18.5678846866549,968.562687488374,-7.13935416780118e-10,-18.5678846866675,1
7.24,971.07191315209,3.85078733801939e-08,18.6159881324602,971.071913152118,-4.13776210674265e-08,-18.6159881325522,1
7.26,973.581119696445,2.62261692564799e-07,18.6640921273111,973.581119696325,-2.63595468707838e-07,-18.664092127354,1
7.28,976.090373282006,3.26237480873491e-08,18.7121947713578,976.090373282034,-3.53205987810659e-08,-18.7121947714441,1
7.3,978.599606474426,1.31458737588608e-09,18.7602980010698,978.599606474421,-7.63842246561102e-10,-18.7602980010522,1
7.32,981.108832724372,3.59713037251084e-08,18.8084014300913,981.108832724345,-3.32848503155131e-08,-18.8084014300056,1
7.34,983.618064475689,1.45766574096118e-08,18.856504701059,983.618064475709,-1.65521895443687e-08,-18.8565047011219,1
7.36,986.127290540703,4.93233054536834e-08,18.9046081353218,986.127290540741,-5.22619540955463e-08,-18.9046081354153,1
7.38,988.636474116351,4.83178732741473e-07,18.9527127890354,988.636474116082,-4.97959998759786e-07,-18.9527127895058,1
7.4,991.145741679933,1.29128031194423e-07,19.00081503229,991.14574168001,-1.31548520897854e-07,-19.0008150323668,1
7.42,993.654985145503,3.78359185324016e-11,19.0489179671577,993.654985145508,1.62996648826852e-11,-19.048917967156,1
7.44,996.164210423634,4.39000973013933e-08,19.09702142404,996.164210423596,-4.11460554349398e-08,-19.0970214239528,1
7.46,998.673444666631,-1.32058944434367e-11,19.1451246235472,998.673444666631,-2.14980754044121e-11,-19.1451246235483,1
7.48,1001.18267422774,1.53646144272117e-09,19.1932279574579,1001.18267422775,-2.24433631403032e-09,-19.1932279574803,1
7.5,1003.69185599657,4.61556471609075e-07,19.2413326629808,1003.69185599685,-4.48530295836099e-07,-19.2413326625694,1
7.52,1006.20113394804,1.1944715205454e-11,19.2894346081523,1006.20113394804,-1.19265384767062e-11,-19.2894346081523,1
7.54,1008.71036370634,2.5504940185004e-11,19.3375379364129,1008.71036370634,-2.48312997464297e-11,-19.3375379364129,1
7.56,1011.21940043571,1.72917521332417e-06,19.385646800031,1011.21940043403,-1.90085673404766e-06,-19.3856468054309,1
7.58,1013.72880097965,2.07793009133005e-07,19.4337452310332,1013.72880097983,-2.10057499656232e-07,-19.4337452311041,1
7.6,1016.23805296788,2.06126590224931e-10,19.481847921581,1016.23805296788,-2.06436591085108e-10,-19.4818479215811,1
7.62,1018.7472827504,5.4321122011716e-12,19.5299512491495,1018.7472827504,-2.50324961497198e-12,-19.5299512491494,1
7.64,1021.25651251085,-7.741063326202e-13,19.5780545773483,1021.25651251085,2.56025115724979e-13,-19.5780545773483,1
7.66,1023.76574225319,1.7513266172552e-10,19.6261579060703,1023.76574225319,-1.75662373999175e-10,-19.6261579060703,1
7.68,1026.2748755953,8.72621031092316e-07,19.6742639988298,1026.27487559456,-9.25755056670395e-07,-19.674264000489,1
7.7,1028.78417725721,2.26795763750947e-07,19.7223652655545,1028.7841772574,-2.30121942831544e-07,-19.7223652656579,1
7.72,1031.29343154894,-2.3462768493281e-10,19.7704678902395,1031.29343154891,-3.39707593793771e-10,-19.7704678902574,1
7.74,1033.80266131294,9.59197063056904e-12,19.8185712183575,1033.80266131294,-1.05788797835568e-11,-19.8185712183575,1
7.76,1036.31189107373,1.33904190994309e-11,19.8666745465496,1036.31189107373,-1.36425996657867e-11,-19.8666745465496,1
7.78,1038.82112083393,9.08599311092179e-12,19.9147778747555,1038.82112083393,-8.61205254694025e-12,-19.9147778747555,1
7.79,1040.07573472282,1.06190686708328e-08,19.9388295673178,1040.07573472277,-7.73896954869456e-09,-19.9388295672285,1
7.8,1041.33034852799,1.71106389446985e-08,19.9628812621407,1041.33034852806,-2.11472555153498e-08,-19.9628812622657,1
7.81,1042.58496547231,-2.624501917875e-11,19.9869328671266,1042.58496547232,-1.06387228209935e-10,-19.9869328671307,1
7.82,1043.8395785834,1.44711595587187e-08,20.0109845818683,1043.83957858347,-1.82239427583926e-08,-20.0109845819844,1
7.83,1045.09419370306,1.58932072116911e-08,20.0350362392225,1045.094193703,-1.23757741731163e-08,-20.0350362391138,1
7.84,1046.34881011559,-1.15973391531494e-12,20.0590878593459,1046.34881011559,1.32600532407274e-12,-20.0590878593459,1
7.85,1047.60341602574,7.92284855123269e-08,20.0831397804928,1047.6034160259,-8.61511601857128e-08,-20.0831397807064,1
7.86,1048.85803741288,2.05284682658553e-08,20.1071912580933,1048.85803741296,-2.48869698717613e-08,-20.1071912582278,1
7.87,1050.11265456712,1.1056565278676e-09,20.1312428570317,1050.11265456714,-2.38667309529418e-09,-20.1312428570712,1
7.88,1051.36726386886,5.60731034338568e-08,20.1552946811662,1051.36726386873,-5.00188916514009e-08,-20.1552946809797,1
7.89,1052.62188365916,9.19591149455283e-09,20.1793462044674,1052.62188365911,-6.55724406790534e-09,-20.1793462043861,1
7.9,1053.87649932394,1.06813439798743e-09,20.2033978460421,1053.87649932393,-3.16422262415343e-10,-20.203397846019,1
7.91,1055.13111400166,1.81225665236203e-09,20.2274495159223,1055.13111400169,-3.30474360672587e-09,-20.2274495159682,1
7.92,1056.38572906144,4.16401939486296e-10,20.2515011748769,1056.38572906146,-1.33923900330515e-09,-20.2515011749053,1
7.93,1057.64034294314,8.59092753644039e-09,20.2755528675624,1057.64034294319,-1.1515080748165e-08,-20.2755528676522,1
7.94,1058.89494443011,1.36253060604508e-07,20.2996049156964,1058.89494442988,-1.29193973483812e-07,-20.2996049154798,1
7.95,1060.14956540346,7.35745471720296e-08,20.3236564049536,1060.14956540363,-8.01806811796661e-08,-20.3236564051563,1
7.96,1061.40418817014,3.66492601436112e-09,20.3477078430787,1061.40418817017,-5.65492929007838e-09,-20.3477078431397,1
7.97,1062.65879417919,8.24040008947941e-08,20.3717597613569,1062.65879417937,-8.91290118345731e-08,-20.3717597615629,1
7.98,1063.91341843888,3.29196925936169e-12,20.3958111567458,1063.91341843888,-3.73990651340812e-12,-20.3958111567458,1
7.99,1065.16802578698,6.55945822273325e-08,20.4198630365966,1065.16802578713,-7.19394461425754e-08,-20.4198630367908,1
8,1066.42264809937,1.36156275487641e-09,20.4439144878263,1066.42264809935,-5.04223595385392e-10,-20.4439144878,1
8.01,1067.67724261198,1.89774891443513e-07,20.4679667356885,1067.67724261167,-1.835107191403e-07,-20.4679667354972,1
8.02,1068.93187795982,9.39939196449808e-12,20.4920178131467,1068.93187795982,-8.03401095073978e-12,-20.4920178131467,1
8.03,1070.18647303948,1.77141093480156e-07,20.516070044546,1070.18647303977,-1.83493849082567e-07,-20.5160700447398,1
8.04,1071.44110250914,5.024091588105e-08,20.5401212907464,1071.44110250901,-4.46398732757995e-08,-20.5401212905755,1
8.05,1072.69572260049,1.04117584625336e-11,20.564172805448,1072.69572260049,-1.08124898060518e-11,-20.564172805448,1
8.06,1073.95032939249,7.03517188929876e-08,20.5882247012044,1073.95032939266,-7.67058117459943e-08,-20.588224701398,1
8.07,1075.20494888472,3.39564324597927e-08,20.6122762333093,1075.20494888461,-2.9194910781792e-08,-20.6122762331642,1
8.08,1076.45956723182,2.3102655416973e-10,20.6363277980244,1076.45956723181,1.80289596186239e-11,-20.6363277980168,1
8.09,1077.71418172302,4.47847206872356e-09,20.6603794732915,1077.71418172298,-2.72243145746105e-09,-20.660379473238,1
8.1,1078.96879205812,4.75373045483553e-08,20.6844312676719,1078.96879205799,-4.2109733902016e-08,-20.6844312675068,1
8.11,1080.22341188193,4.31448257308306e-12,20.7084827900452,1080.22341188193,-5.25088473026489e-12,-20.7084827900452,1
8.12,1081.4780167961,8.6962370498178e-08,20.7325347395709,1081.47801679629,-9.35446991351082e-08,-20.7325347397708,1
8.13,1082.73264012049,1.21198949595196e-08,20.7565861617835,1082.73264012056,-1.54137218909126e-08,-20.7565861618835,1
8.14,1083.98725236769,3.50357214658876e-08,20.7806379013054,1083.98725236781,-4.01215280068483e-08,-20.7806379014597,1
8.15,1085.2418677469,3.54265570782423e-08,20.8046895512381,1085.24186774678,-3.06385223756099e-08,-20.8046895510929,1
8.16,1086.4964862831,6.24645093358033e-13,20.8287411105439,1086.4964862831,6.88093470117371e-13,-20.8287411105439,1
8.17,1087.7510972406,3.29782611851819e-08,20.8527928869461,1087.75109724071,-3.78554322438525e-08,-20.8527928870938,1
8.18,1089.00571449036,1.23694350768219e-08,20.8768444831899,1089.00571449043,-1.56771398931131e-08,-20.8768444832901,1
8.19,1090.26033092377,1.31472730415921e-11,20.9008961028482,1090.26033092377,-9.53609883881456e-12,-20.9008961028481,1
8.2,1091.51483883899,9.88324288739713e-07,20.9249508316512,1091.51483884044,-9.38239242213629e-07,-20.9249508301338,1
8.21,1092.76956067738,1.9313163381377e-10,20.9489994312491,1092.76956067738,3.16748570189547e-11,-20.9489994312423,1
8.22,1094.02417493582,4.65687849361077e-09,20.9730511131354,1094.02417493587,-6.7501029855433e-09,-20.9730511131986,1
8.23,1095.27878895517,1.17744460710037e-08,20.9971028018681,1095.27878895525,-1.50088996067111e-08,-20.9971028019657,1
8.24,1096.53340395438,1.08473135983212e-08,21.0211544625426,1096.53340395445,-1.38416850660873e-08,-21.021154462633,1
8.25,1097.78802020521,3.81146524259431e-12,21.0452060874424,1097.78802020521,-5.27251420523376e-12,-21.0452060874425,1
8.26,1099.04263508543,1.40935442529952e-12,21.0692577515437,1099.04263508543,3.80822298510207e-13,-21.0692577515436,1
8.27,1100.29723030304,1.73374571968806e-07,21.0933099786744,1100.29723030339,-1.79186205444374e-07,-21.0933099788492,1
8.28,1101.55179422087,6.42421969459345e-07,21.1173631026745,1101.55179422183,-6.23138860594841e-07,-21.1173631020924,1
8.29,1102.8064797261,5.3470257537375e-12,21.1414127438459,1102.8064797261,-6.46865749297457e-12,-21.1414127438459,1
8.3,1104.06109460637,1.7917686259745e-12,21.1654644079437,1104.06109460637,-1.91875936407697e-12,-21.1654644079438,1
8.31,1105.31540777989,2.85939196822071e-06,21.1895247169761,1105.31540778516,-2.53645671396103e-06,-21.1895247072582,1
8.32,1106.57032436664,-5.40654237113037e-12,21.2135677361473,1106.57032436664,3.9746546899666e-12,-21.2135677361474,1
8.33,1107.82493924709,1.56003246451804e-11,21.2376194002466,1107.82493924709,-1.36129736341668e-11,-21.2376194002465,1
8.34,1109.07954545126,7.44371857687063e-08,21.2616713126808,1109.07954545147,-8.04202891322044e-08,-21.2616713128602,1
8.35,1110.33416900749,-2.19651723190632e-12,21.2857227284493,1110.33416900749,2.93122528762071e-12,-21.2857227284493,1
8.36,1111.58878388777,4.55429072712095e-12,21.3097743925428,1111.58878388777,-3.65351722543899e-13,-21.3097743925427,1
8.37,1112.843395274,3.342919797358e-08,21.3338261567648,1112.84339527387,-2.88809169873394e-08,-21.3338261566286,1
8.38,1114.09801364823,-1.39399616416319e-12,21.3578777207433,1114.09801364824,-2.93957973271963e-12,-21.3578777207434,1
8.39,1115.35255239248,6.65537498365757e-07,21.3819315644532,1115.35255239135,-6.89273684153878e-07,-21.3819315651652,1
8.4,1116.60724340858,9.44326366744873e-12,21.4059810489487,1116.60724340858,-9.13233269445336e-12,-21.4059810489487,1
8.41,1117.86185828898,-1.91740938570649e-11,21.4300327130271,1117.86185828898,2.95165228250769e-11,-21.4300327130268,1
8.42,1119.11647316905,1.56374523171539e-12,21.4540843771643,1119.11647316905,-3.0891289110487e-11,-21.4540843771652,1
8.43,1120.37106395051,2.11649663992323e-07,21.4781367311209,1120.37106395094,-2.16132216071817e-07,-21.4781367312543,1
8.44,1121.62570292967,2.87150374178724e-13,21.5021877053421,1121.62570292967,-1.44297474281705e-12,-21.5021877053421,1
8.45,1122.8803178099,1.6024828422988e-11,21.526239369446,1122.8803178099,-1.46169366404694e-11,-21.526239369446,1
8.46,1124.13488311815,4.42166229481779e-07,21.5502924527947,1124.13488311895,-4.36053169289237e-07,-21.5502924526115,1
8.47,1125.38954757017,2.69178666024995e-11,21.5743426976673,1125.38954757017,1.2118076664229e-11,-21.5743426976661,1
8.48,1126.6441119351,4.43530555482098e-07,21.5983958077735,1126.64411193428,-4.50327022403607e-07,-21.5983958079769,1
8.49,1127.89876487119,1.13184438312378e-07,21.6224463826082,1127.89876487092,-1.07183059840484e-07,-21.6224463824298,1
8.5,1129.15339221107,-3.50350973574719e-12,21.6464976899415,1129.15339221106,-7.3476630156444e-13,-21.6464976899417,1
8.51,1130.40758233571,3.47146852783898e-06,21.6705615045238,1130.40758232683,-4.03024972213899e-06,-21.6705615211508,1
8.52,1131.66262197155,-1.64307913894369e-12,21.6946010181412,1131.66262197155,1.36219999787115e-13,-21.6946010181412,1
8.53,1132.91718622525,4.49973934814357e-07,21.7186541314668,1132.91718622606,-4.43064616818443e-07,-21.7186541312606,1
8.54,1134.17183389964,1.59983007374322e-07,21.7427048568424,1134.17183389929,-1.54423724441587e-07,-21.7427048566777,1
8.55,1135.42646641429,1.74588417168907e-09,21.7667560161078,1135.42646641429,-1.74517777686481e-09,-21.7667560161078,1
8.56,1136.68108149239,1.32116218852423e-11,21.790807674547,1136.68108149239,-1.33889894757579e-11,-21.790807674547,1
8.57,1137.93569328852,2.91515826122621e-08,21.814859426962,1137.93569328839,-2.50997017768508e-08,-21.8148594268421,1
8.58,1139.19015703105,1.30499849794821e-06,21.8389154152227,1139.19015702849,-1.40699176613084e-06,-21.8389154182469,1
8.59,1140.44492613273,-4.40713014661096e-12,21.8629626669122,1140.44492613274,5.74757109607184e-12,-21.8629626669121,1
8.6,1141.69937481649,1.51779298596642e-06,21.8870190891337,1141.69937481931,-1.40117351016728e-06,-21.8870190856797,1
8.61,1142.95415589365,-3.96443458204969e-12,21.9110659950399,1142.95415589365,7.16150906357334e-12,-21.9110659950398,1
8.62,1144.20877077362,-3.87851494273441e-12,21.9351176591474,1144.20877077361,3.35827258818704e-12,-21.9351176591474,1
8.63,1145.46338565411,2.24755124951433e-12,21.9591693232419,1145.46338565411,-3.15494334460081e-12,-21.9591693232419,1
8.64,1146.7180005275,5.95909534544871e-11,21.9832209875369,1146.7180005275,-6.05775269050373e-11,-21.983220987537,1
8.65,1147.97261541447,9.39757785973166e-12,22.007272651446,1147.97261541447,-7.39857592526912e-12,-22.007272651446,1
8.66,1149.22723029483,3.87941665699428e-12,22.0313243155414,1149.22723029482,-2.33583458693005e-12,-22.0313243155414,1
8.67,1150.48184517506,-6.09477186643132e-12,22.0553759796395,1150.48184517505,3.60758252900664e-12,-22.0553759796395,1
8.68,1151.73644954901,8.90282536448312e-08,22.0794279442937,1151.7364495493,-9.45860658949137e-08,-22.0794279444572,1
8.69,1152.99107493553,2.41368648541833e-13,22.1034793078402,1152.99107493553,2.12887880556598e-13,-22.1034793078401,1
8.7,1154.24568981577,1.88611318643095e-11,22.1275309719415,1154.24568981577,-1.6456466453849e-11,-22.1275309719415,1
8.71,1155.50030469598,9.67303544495204e-12,22.1515826360432,1155.50030469598,-8.72071934769555e-12,-22.1515826360432,1
8.72,1156.75491957611,-1.28188834681393e-12,22.1756343001435,1156.75491957611,-8.19296126025242e-13,-22.1756343001436,1
8.73,1158.00953445647,1.68517123458367e-12,22.1996859642404,1158.00953445647,-4.28557462630171e-12,-22.1996859642405,1
8.74,1159.2641493367,7.67407915242249e-12,22.2237376283422,1159.26414933671,-8.24878895922289e-12,-22.2237376283422,1
8.75,1160.51850140594,2.15945509626169e-06,22.2477968080054,1160.51850140073,-2.41441100124691e-06,-22.247796815494,1
8.76,1161.77303195031,2.84360687298026e-06,22.271850883356,1161.77303195202,-3.19437631057959e-06,-22.2718508936435,1
8.77,1163.02799397737,-1.61989436557907e-11,22.2958926206409,1163.02799397736,-3.21101982666019e-11,-22.2958926206424,1
8.78,1164.28260699726,1.61125990856607e-08,22.3199443379649,1164.28260699726,-1.62303121166666e-08,-22.3199443379683,1
8.79,1165.53722373777,2.23042823110151e-11,22.3439959488673,1165.53722373777,-5.7805968301748e-11,-22.3439959488683,1
8.8,1166.79183861806,1.17527167466414e-11,22.3680476129483,1166.79183861806,-5.8758116127062e-12,-22.3680476129481,1
8.81,1168.04645349831,5.63780000104467e-12,22.3920992770418,1168.04645349831,-5.21358794344854e-12,-22.3920992770418,1
8.82,1169.30106837852,1.01656757846822e-11,22.4161509411435,1169.30106837853,-1.04546661923624e-11,-22.4161509411435,1
8.83,1170.55558617231,8.61824668678781e-07,22.4402053830997,1170.55558617411,-8.19639951357741e-07,-22.4402053818649,1
8.84,1171.8102976032,4.6134938295559e-09,22.4642542846632,1171.8102976032,-4.62931695910234e-09,-22.4642542846636,1
8.85,1173.06491301926,3.65787104428429e-12,22.4883059334405,1173.06491301926,-7.55034289884691e-13,-22.4883059334404,1
8.86,1174.31952789769,2.31215209583933e-11,22.5123575975934,1174.31952789769,-2.35932054689212e-11,-22.5123575975935,1
8.87,1175.57414277912,8.04972565349325e-12,22.5364092616583,1175.57414277912,-9.61334016373873e-12,-22.5364092616583,1
8.88,1176.82875765907,1.85367214742739e-11,22.5604609257681,1176.82875765908,-1.88852812438199e-11,-22.5604609257681,1
8.89,1178.0833725203,1.66176874215948e-10,22.5845125904061,1178.0833725203,-1.61396277187847e-10,-22.584512590406,1
8.9,1179.33798721659,1.77177102936354e-09,22.6085642597734,1179.33798721659,-1.76940906214778e-09,-22.6085642597734,1
8.91,1180.59260230064,-5.54741478814259e-11,22.6326159180206,1180.59260230064,-4.78374102817881e-11,-22.6326159180236,1
8.92,1181.84706490706,1.36158071721945e-06,22.6566719387968,1181.84706490988,-1.26174663694852e-06,-22.6566719358902,1
8.93,1183.1018320611,-6.04103912057013e-13,22.6807192462403,1183.1018320611,-1.19573061825385e-13,-22.6807192462404,1
8.94,1184.35644694129,-2.38973893720717e-12,22.7047709103408,1184.3564469413,2.05239043635981e-12,-22.7047709103408,1
8.95,1185.61106182151,6.01487680734585e-11,22.7288225743939,1185.61106182151,1.85205702906083e-11,-22.7288225743916,1
8.96,1186.86567667258,2.53963411094558e-10,22.7528742393764,1186.86567667258,-2.52627569897768e-10,-22.7528742393764,1
