0.016,64.7265321460151,-0.37109453057063,1.14953562761109,64.7265320343286,-0.371094616016724,-1.33508294117475,0
0.017,64.6141589961644,-1.71694011561038,0.840713516425225,64.6141589950794,-1.7169401181136,-1.69918357504792,0
0.018,64.5052010147699,-2.38636651165895,0.700158196087556,64.5052007088238,-2.38636727019151,-1.89334167592085,0
0.019,64.3994156605775,-2.89526732751782,0.598975490388964,64.3994156113101,-2.89526743116148,-2.04660918391915,0
0.02,64.296559123636,-3.31898927309971,0.518399155457865,64.2965570600965,-3.31898916780562,-2.17789476271087,0
0.02,64.296559123636,-3.31898927309971,0.518399155457865,64.2965570600965,-3.31898916780562,-2.17789476271087,0
0.03,63.3939691470038,-5.91265011428004,0.0959343953682176,63.393968780338,-5.91265029054689,-3.05225949593562,0
0.04,62.6509692900388,-7.46997202317916,-0.0990429970568142,62.6509692857469,-7.46997202426801,-3.63594301449499,0
0.05,62.0123471292157,-8.63315322429904,-0.213590162756685,62.0123450597738,-8.6331535618514,-4.10298641712776,0
0.06,61.448852965881,-9.57523737165913,-0.284566591561876,61.44885275561,-9.57523740865748,-4.5030521091736,0
0.07,60.9427189026664,-10.3725999993702,-0.327503816673233,60.9427188453845,-10.3726000068109,-4.85879618656596,0
0.08,60.4821756041831,-11.0666015415149,-0.350551469103397,60.4821755894225,-11.06660154295,-5.18274930247574,0
0.09,60.0589455856672,-11.6824667818155,-0.358572981989266,60.0589455825347,-11.6824667820645,-5.4826604090834,0
0.1,59.6669438002888,-12.2368453370442,-0.35473134628467,59.6669437997918,-12.2368453371004,-5.76369132226859,0
0.11,59.3015421050283,-12.741369254895,-0.341215050237337,59.3015421049335,-12.7413692549301,-6.02946957722222,0
0.12,58.9591241457859,-13.204521695298,-0.319610903740527,58.9591209074243,-13.2045227177264,-6.28264999611272,0
0.13,58.6368008046387,-13.6327025749364,-0.29111242063811,58.6368007366155,-13.6327026089712,-6.52523887903479,0
0.14,58.3322223530652,-14.0308712663481,-0.256644180327848,58.3322214014853,-14.0308712698802,-6.75879148563423,0
0.15,58.0434471932615,-14.4029595624406,-0.216939940024547,58.0434464721076,-14.4029595546278,-6.98453986535245,0
0.16,57.7688500612257,-14.7521430431575,-0.172593929365069,57.7688495219316,-14.752143028249,-7.20347760985102,0
0.17,57.5070547881013,-15.0810278772309,-0.124095666049513,57.5070543854098,-15.0810278588295,-7.41641828523254,0
0.18,57.2568844252483,-15.3917825698672,-0.0718543535632911,57.2568841202744,-15.3917825507964,-7.62403694020867,0
0.19,57.0173234968999,-15.6862331804898,-0.0162164122533472,57.017323258477,-15.6862331627325,-7.82690018386039,0
0.2,56.7874889579186,-15.9659336333213,0.0425216360104492,56.7874887625702,-15.9659336180614,-8.02548845623273,0
0.21,56.5666075219103,-16.2322186115315,0.104103509886557,56.5666073529606,-16.2322185992759,-8.2202128174316,0
0.22,56.3539977312306,-16.4862440095751,0.168305802155506,56.3539975775285,-16.4862440003153,-8.41142780736593,0
0.23,56.1490556109095,-16.7290183273552,0.234932273351062,56.149055465491,-16.7290183207305,-8.59944143644581,0
0.24,55.9512430686971,-16.9614273570809,0.303809369465479,55.9512429275732,-16.9614273525244,-8.78452304670827,0
0.25,55.7600784255383,-17.184253827479,0.374782656753687,55.7600782867024,-17.1842538243345,-8.966909568722,0
0.26,55.5751286175865,-17.3981932044229,0.447713953609908,55.5751284802531,-17.3981932020293,-9.14681055377518,0
0.27,55.3960027232752,-17.6038665251406,0.522478999252825,55.3960025873352,-17.6038665228878,-9.32441225966324,0
0.28,55.2223465507578,-17.8018309167676,0.598965540763326,55.2223464164128,-17.8018309141291,-9.49988099700229,0
0.29,55.0538380813094,-17.9925882882945,0.6770717497428,55.0538379488423,-17.992588284843,-9.67336589186105,0
0.3,54.8901836092467,-18.1765925677865,0.756704901303242,54.8901834788978,-18.176592563195,-9.84500118335951,0
0.31,54.7311144528619,-18.3542557707392,0.837780263783367,54.7311143247675,-18.3542557647746,-10.0149081475631,0
0.32,54.5763841367112,-18.5259531215309,0.920220159196058,54.5763840108901,-18.525953114046,-10.1831967186567,0
0.33,54.4257659655152,-18.6920274019275,1.00395316310942,54.4257658418787,-18.6920273928465,-10.3499668630768,0
0.34,54.2790509253672,-18.852792664145,1.08891341925025,54.2790508037473,-18.8527926534505,-10.5153097506461,0
0.35,54.1360458600609,-19.0085374180519,1.17504004915257,54.1360457402349,-19.0085374057735,-10.6793087578234,0
0.36,53.9965718798742,-19.1595273804951,1.26227664105996,53.9965717615927,-19.1595273666985,-10.8420403312683,0
0.37,53.8604629677476,-19.3060078578908,1.35057080531624,53.8604628507613,-19.3060078426671,-11.003574734527,0
0.38,53.7275647538762,-19.4482058199829,1.43987378585346,53.7275646379529,-19.4482058034421,-11.1639766963993,0
0.39,53.5977334345976,-19.5863317121986,1.53014011926322,53.597733319537,-19.5863316944613,-11.3233059761872,0
0.4,53.4708348154554,-19.7205810456652,1.6213273344348,53.4708347010971,-19.7205810268598,-11.481617858342,0
0.41,53.3467434615228,-19.8511357972602,1.71339568694089,53.3467433477539,-19.8511357775159,-11.6389635868736,0
0.42,53.2253419407395,-19.9781656466376,1.8063079233232,53.2253418274917,-19.9781656260844,-11.7953907481505,0
0.43,53.1065201481702,-20.1018290727935,1.90002907121283,53.106520035421,-20.101829051557,-11.9509436093016,0
0.44,52.9901747009297,-20.2222743291243,1.99452625186629,52.9901745886979,-20.2222743073269,-12.1056634182823,0
0.45,52.8762083949962,-20.3396403130024,2.08976851222163,52.8762082833378,-20.3396402907592,-12.2595886707173,0
0.46,52.7645297163973,-20.4540573434419,2.18572667401813,52.7645296053987,-20.4540573208634,-12.4127553478543,0
0.47,52.6550524003103,-20.5656478584291,2.28237319788035,52.6550522900836,-20.5656478356172,-12.5651971293116,0
0.48,52.5476950324908,-20.6745270417968,2.37968206057163,52.5476949231677,-20.6745270188474,-12.7169455837706,0
0.49,52.4423806882103,-20.7808033881306,2.47762864387111,52.4423805799361,-20.7808033651316,-12.8680303403043,0
0.5,52.3390366045005,-20.8845792130053,2.57618963374252,52.3390364974288,-20.8845791900378,-13.0184792426651,0
0.51,52.2375938820563,-20.9859511148631,2.67534292863947,52.2375937763447,-20.9859510920014,-13.1683184885291,0
0.52,52.137987213609,-21.0850103939974,2.77506755594538,52.1379871094143,-21.0850103713091,-13.3175727554277,0
0.53,52.0401546359699,-21.1818434333972,2.87534359567368,52.0401545334459,-21.1818434109427,-13.4662653148699,0
0.54,51.9440373032966,-21.2765320455914,2.97615211066453,51.9440372025901,-21.2765320234258,-13.6144181359616,0
0.55,51.8495792794192,-21.3691537891194,3.07747508260812,51.8495791806674,-21.3691537672914,-13.7620519796638,0
0.56,51.7567273473207,-21.459782257799,3.17929535330562,51.7567272506513,-21.4597822363514,-13.9091864846874,0
0.57,51.6654308340866,-21.5484873455849,3.28159657064938,51.6654307396132,-21.5484873245558,-14.0558402459034,0
0.58,51.5756414498272,-21.635335489477,3.38436313886239,51.5756413576518,-21.6353354688997,-14.2020308860355,0
0.59,51.4873131392538,-21.7203898926478,3.48758017259183,51.4873130494648,-21.7203898725501,-14.3477751213178,0
0.6,51.4004019447111,-21.8037107297154,3.59123345449492,51.4004018573831,-21.8037107101212,-14.4930888217174,0
0.61,51.3148658796283,-21.8853553358652,3.69530939599616,51.3148657948212,-21.8853553167945,-14.6379870662524,0
0.62,51.2306648114362,-21.9653783813392,3.79979500092918,51.2306647291969,-21.9653783628086,-14.7824841938781,0
0.63,51.1477603531118,-22.0438320326441,3.90467783180701,51.1477602734755,-22.0438320146657,-14.9265938503611,0
0.64,51.0661157625938,-22.1207661016832,4.00994597849158,51.0661156855812,-22.1207660842667,-15.0703290315158,0
0.65,50.9856958493829,-22.1962281838958,4.11558802905588,50.9856957750053,-22.1962281670476,-15.2137021231352,0
0.66,50.906466887728,-22.2702637863675,4.22159304265419,50.9064668159845,-22.2702637700918,-15.3567249379168,0
0.67,50.8283965358308,-22.3429164467835,4.32795052423272,50.8283964667107,-22.3429164310816,-15.4994087496499,0
0.68,50.7514537605842,-22.414227844003,4.43465040093107,50.7514536940686,-22.414227828874,-15.6417643249038,0
0.69,50.6756087673885,-22.4842379009616,4.54168300003754,50.6756087034484,-22.4842378864028,-15.7838019524351,0
0.7,50.600832934631,-22.552984880536,4.64903902837521,50.6008328732317,-22.5529848665428,-15.9255314705054,0
0.71,50.5270987524749,-22.6205054749442,4.75670955300728,50.5270986935751,-22.6205054615102,-16.0669622922871,0
0.72,50.4543797656075,-22.6868348892019,4.86468598315981,50.4543797091582,-22.6868348763201,-16.2081034295145,0
0.73,50.3826505196417,-22.752006919109,4.97296005326925,50.3826504655911,-22.7520069067697,-16.3489635145238,0
0.74,50.311886510908,-22.8160540241866,5.08152380707153,50.3118864591995,-22.8160540123803,-16.489550820812,0
0.75,50.2420641393644,-22.8790073959629,5.19036958265461,50.2420640899372,-22.8790073846783,-16.6298732822311,0
0.76,50.1731606644022,-22.9408970219557,5.29948999840538,50.173160617193,-22.9408970111816,-16.7699385109271,0
0.77,50.1051541633341,-23.0017517456774,5.40887793978593,50.1051541182778,-23.0017517354012,-16.9097538141182,0
0.78,50.0380234923743,-23.0615993229544,5.51852654688157,50.0380234494037,-23.0615993131628,-17.0493262098031,0
0.79,49.9717482499219,-23.1204664748349,5.62842920266506,49.9717482089684,-23.1204664655148,-17.1886624414787,0
0.8,49.9063087420007,-23.1783789373271,5.73857952192903,49.9063087029942,-23.1783789284646,-17.3277689919418,0
0.81,49.8416859496881,-23.2353615081965,5.84897134084032,49.8416859125593,-23.2353614997776,-17.4666520962421,0
0.82,49.777861498412,-23.2914380910277,5.95959870707453,49.7778614630922,-23.291438083038,-17.6053177538472,0
0.83,49.7148176289806,-23.3466317367416,6.07045587049241,49.7148175953988,-23.3466317291672,-17.7437717400789,0
0.84,49.6525371702205,-23.4009646827454,6.18153727432196,49.6525371383091,-23.4009646755715,-17.8820196168682,0
0.85,49.5910035131385,-23.4544583898699,6.29283754681425,49.5910034828296,-23.4544583830823,-18.0200667428818,0
0.86,49.5302005864818,-23.50713357725,6.40435149334177,49.5302005577092,-23.5071335708342,-18.1579182830597,0
0.87,49.4701128336265,-23.5590102552785,6.51607408891192,49.4701128063233,-23.5590102492204,-18.2955792176057,0
0.88,49.4107251906889,-23.6101077567657,6.62800047106882,49.4107251647914,-23.6101077510514,-18.433054350469,0
0.89,49.3520230658049,-23.6604447664138,6.74012593316048,49.35202304125,-23.6604447610297,-18.5703483173488,0
0.9,49.2939923194811,-23.7100393487225,6.85244591794757,49.2939922962091,-23.7100393436548,-18.7074655932554,0
0.91,49.2366192459712,-23.7589089744168,6.96495601153471,49.2366192239215,-23.7589089696523,-18.844410499656,0
0.92,49.1798905555933,-23.8070705454979,7.07765193760318,49.17989053471,-23.8070705410232,-18.9811872112325,0
0.93,49.1237933579554,-23.8545404189954,7.19052955192866,49.1237933381814,-23.8545404147982,-19.1177997622753,0
0.94,49.0683151460098,-23.9013344295059,7.30358483716606,49.0683151272932,-23.9013344255734,-19.2542520527376,0
0.95,49.0134437809072,-23.947467910589,7.41681389788726,49.0134437631954,-23.9474679069096,-19.3905478539711,0
0.96,48.9591674775896,-23.9929557150895,7.53021295585557,48.9591674608324,-23.9929557116515,-19.5266908141615,0
0.97,48.9054747910812,-24.0378122344524,7.64377834552487,48.9054747752318,-24.0378122312442,-19.662684463485,0
0.98,48.8523546034499,-24.0820514170845,7.75750650975016,48.8523545884612,-24.0820514140952,-19.7985322190001,0
0.99,48.7997961113757,-24.1256867858251,7.87139399569745,48.7997960972034,-24.125686783044,-19.9342373892924,0
1,48.7477888143175,-24.1687314545724,7.98543745094236,48.7477888009208,-24.168731451989,-20.0698031788865,0
1.01,48.6963225032301,-24.2111981441145,8.09963361974736,48.6963224905676,-24.2111981417189,-20.205232692439,0
1.02,48.6453872497997,-24.253099197213,8.21397933950701,48.6453872378327,-24.2530991949959,-20.3405289387252,0
1.03,48.5949733961786,-24.2944465929774,8.32847153735317,48.5949733848707,-24.2944465909295,-20.4756948344317,0
1.04,48.5450715451874,-24.3352519605715,8.44310722691115,48.5450715345026,-24.3352519586842,-20.6107332077658,0
1.05,48.49567255095,-24.3755265922901,8.5578835051988,48.4956725408553,-24.3755265905547,-20.7456468018925,0
1.06,48.4467675099586,-24.415281456036,8.67279754966146,48.4467675004219,-24.4152814544445,-20.8804382782087,0
1.07,48.3983477525252,-24.4545272072356,8.78784661533517,48.3983477435161,-24.45452720578,-21.0151102194634,0
1.08,48.3504048346123,-24.4932742002169,8.90302803213217,48.3504048261016,-24.4932741988897,-21.149665132733,0
1.09,48.3029305300141,-24.5315324990848,9.01833920224167,48.302930521975,-24.5315324978789,-21.284105452259,0
1.1,48.2559168228838,-24.5693118881138,9.13377759764118,48.2559168152898,-24.5693118870221,-21.4184335421561,0
1.11,48.2093559005679,-24.6066218816888,9.24934075771169,48.2093558933946,-24.6066218807048,-21.5526516989979,0
1.12,48.1632401467541,-24.6434717338139,9.36502628695225,48.163240139977,-24.6434717329316,-21.6867621542856,0
1.13,48.1175621348997,-24.6798704472133,9.48083185278894,48.1175621284974,-24.6798704464266,-21.820767076807,0
1.14,48.0723146219412,-24.7158267820428,9.59675518347355,48.0723146158916,-24.715826781346,-21.9546685748919,0
1.15,48.0274905422534,-24.7513492642337,9.71279406606766,48.0274905365373,-24.7513492636216,-22.0884686985676,0
1.16,47.9830830018667,-24.7864461934882,9.82894634450784,47.9830829964646,-24.7864461929557,-22.2221694416217,0
1.17,47.9390852729105,-24.8211256509392,9.94520991774849,47.939085267805,-24.8211256504811,-22.355772743575,0
1.18,47.8954907882867,-24.8553955064958,10.0615827379784,47.8954907834608,-24.8553955061074,-22.4892804915707,0
1.19,47.8522931365507,-24.889263425888,10.1780628089072,47.8522931319881,-24.8892634255651,-22.6226945221838,0
1.2,47.8094860569983,-24.9227368774247,10.2946481841197,47.8094860526844,-24.9227368771627,-22.7560166231531,0
1.21,47.7670634349472,-24.9558231384784,10.4113369654931,47.7670634308665,-24.9558231382734,-22.8892485350422,0
1.22,47.7250192971969,-24.9885293017118,10.5281273016758,47.7250192933374,-24.98852930156,-23.0223919528309,0
1.23,47.6833478076725,-25.0208622810561,10.6450173866247,47.6833478040205,-25.0208622809542,-23.1554485274418,0
1.24,47.6420432632255,-25.0528288174549,10.7620054581972,47.6420432597692,-25.0528288173993,-23.2884198672038,0
1.25,47.6011000896055,-25.0844354843811,10.879089796797,47.6011000863332,-25.0844354843686,-23.4213075392571,0
1.26,47.5605128375755,-25.1156886931415,10.9962687240708,47.560512834477,-25.1156886931691,-23.5541130709019,0
1.27,47.5202761791778,-25.1465946979768,11.1135406016524,47.5202761762422,-25.1465946980415,-23.6868379508923,0
1.28,47.4803849041367,-25.1771596009649,11.2309038299546,47.4803849013551,-25.1771596010641,-23.8194836306801,0
1.29,47.4408339163969,-25.2073893567393,11.3483568470045,47.4408339137597,-25.2073893568703,-23.952051525609,0
1.3,47.4016182307823,-25.2372897770295,11.4658981273213,47.4016182282819,-25.2372897771901,-24.084543016063,0
1.31,47.3627329697877,-25.26686653503,11.5835261808351,47.3627329674157,-25.2668665352176,-24.2169594485694,0
1.32,47.3241733604726,-25.2961251696081,11.7012395518442,47.324173358222,-25.2961251698203,-24.3493021368601,0
1.33,47.2859347314813,-25.3250710893548,11.81903681801,47.2859347293443,-25.3250710895901,-24.4815723628923,0
1.34,47.2480125101547,-25.3537095764899,11.9369165893872,47.2480125081256,-25.3537095767457,-24.6137713778301,0
1.35,47.2104022197558,-25.3820457906204,12.0548775074885,47.2104022178279,-25.3820457908954,-24.74590040299,0
1.36,47.1730994767849,-25.4100847723675,12.1729182443815,47.1730994749526,-25.4100847726598,-24.8779606307502,0
1.37,47.1360999883947,-25.43783144686,12.2910375018178,47.1360999866514,-25.437831447168,-25.0099532254267,0
1.38,47.0993995498868,-25.4652906271045,12.4092340103914,47.0993995482281,-25.4652906274268,-25.1418793241166,0
1.39,47.0629940423055,-25.4924670172349,12.5275065287271,47.0629940407257,-25.4924670175702,-25.2737400375118,0
1.4,47.0268794301004,-25.5193652156492,12.645853842695,47.0268794285965,-25.5193652159961,-25.4055364506814,0
1.41,46.9910517588831,-25.5459897180343,12.764274764653,46.9910517574499,-25.5459897183914,-25.5372696238266,0
1.42,46.9555071532444,-25.5723449202872,12.8827681327149,46.9555071518773,-25.5723449206534,-25.6689405930099,0
1.43,46.9202418146562,-25.5984351213345,13.0013328100414,46.920241813352,-25.5984351217088,-25.8005503708551,0
1.44,46.8852520194368,-25.624264525856,13.1199676841567,46.8852520181914,-25.6242645262372,-25.9320999472263,0
1.45,46.8505341167859,-25.6498372469134,13.2386716662863,46.8505341155958,-25.6498372473006,-26.0635902898801,0
1.46,46.8160845268824,-25.6751573084923,13.3574436907178,46.8160845257453,-25.6751573088846,-26.1950223450966,0
1.47,46.7818997390464,-25.7002286479571,13.4762827141809,46.7818997379584,-25.7002286483535,-26.3263970382878,0
1.48,46.7479763099585,-25.7250551184233,13.5951877152495,46.7479763089183,-25.7250551188232,-26.4577152745854,0
1.49,46.7143108619396,-25.7496404910524,13.7141576937618,46.7143108609424,-25.7496404914551,-26.5889779394082,0
1.5,46.6809000812763,-25.7739884572697,13.8331916702591,46.6809000803222,-25.7739884576745,-26.7201858990103,0
1.51,46.6477407166162,-25.7981026309101,13.9522886854434,46.6477407157013,-25.7981026313162,-26.851340001011,0
1.52,46.6148295773955,-25.8219865502919,14.0714477996516,46.6148295765179,-25.8219865506988,-26.9824410749065,0
1.53,46.5821635323287,-25.8456436802258,14.1906680923458,46.5821635314861,-25.845643680633,-27.1134899325642,0
1.54,46.5497395079395,-25.8690774139574,14.3099486616209,46.5497395071305,-25.8690774143646,-27.2444873687018,0
1.55,46.5175544871395,-25.8922910750479,14.4292886237262,46.5175544863625,-25.8922910754542,-27.375434161349,0
1.56,46.4856055078499,-25.9152879191941,14.5486871126028,46.4856055071015,-25.9152879195994,-27.5063310722956,0
1.57,46.4538896616601,-25.938071135992,14.6681432794352,46.4538896609403,-25.9380711363959,-27.6371788475239,0
1.58,46.4224040925403,-25.9606438506436,14.7876562922156,46.4224040918479,-25.9606438510455,-27.7679782176272,0
1.59,46.3911459955789,-25.9830091256103,14.9072253353234,46.3911459949108,-25.9830091260102,-27.8987298982156,0
1.6,46.3601126157627,-26.0051699622162,15.0268496091153,46.3601126151195,-26.0051699626134,-28.0294345903077,0
1.61,46.3293012467999,-26.0271293021987,15.1465283295297,46.3293012461796,-26.0271293025931,-28.1600929807106,0
1.62,46.2987092299664,-26.0488900292145,15.2662607277018,46.2987092293674,-26.0488900296061,-28.2907057423881,0
1.63,46.2683339529943,-26.0704549702985,15.3860460495902,46.2683339524154,-26.0704549706867,-28.421273534816,0
1.64,46.2381728489908,-26.0918268972762,15.5058835556154,46.2381728484314,-26.0918268976608,-28.5517970043277,0
1.65,46.2082233953883,-26.113008528136,15.6257725203087,46.2082233948473,-26.1130085285169,-28.6822767844486,0
1.66,46.1784831129245,-26.1340025283592,15.7457122319703,46.1784831124009,-26.1340025287363,-28.8127134962194,0
1.67,46.1489495646517,-26.1548115122091,15.865701992339,46.148949564145,-26.1548115125822,-28.943107748511,0
1.68,46.1196203549773,-26.1754380439836,15.985741116271,46.1196203544863,-26.1754380443525,-29.0734601383281,0
1.69,46.0904931287257,-26.1958846392289,16.105828931427,46.0904931282503,-26.1958846395936,-29.2037712511048,0
1.7,46.0615655702341,-26.2161537659183,16.2259647779699,46.0615655697727,-26.2161537662785,-29.3340416609904,0
1.71,46.0328354024662,-26.2362478455963,16.34614800827,46.0328354020186,-26.236247845952,-29.4642719311276,0
1.72,46.0043003861565,-26.2561692544889,16.4663779866191,46.0043003857218,-26.2561692548402,-29.5944626139212,0
1.73,45.9759583189758,-26.275920324583,16.5866540889522,45.9759583185542,-26.2759203249295,-29.7246142512996,0
1.74,45.9478070347207,-26.2955033446718,16.7069757025782,45.9478070343119,-26.2955033450136,-29.8547273749683,0
1.75,45.9198444025238,-26.3149205613746,16.8273422259164,45.9198444021266,-26.3149205617115,-29.9848025066561,0
1.76,45.8920683260865,-26.3341741801222,16.9477530682422,45.8920683257002,-26.3341741804544,-30.1148401583541,0
1.77,45.8644767429324,-26.3532663661191,17.0682076494383,45.864476742557,-26.3532663664466,-30.2448408325471,0
1.78,45.8370676236835,-26.3721992452753,17.188705399754,45.8370676233179,-26.3721992455979,-30.3748050224394,0
1.79,45.809838971349,-26.390974905113,17.3092457595703,45.8098389709935,-26.3909749054308,-30.5047332121731,0
1.8,45.7827888206432,-26.4095953956484,17.4298281791718,45.7827888202962,-26.4095953959612,-30.6346258770409,0
1.81,45.7559152373083,-26.4280627302481,17.5504521185246,45.7559152369708,-26.428062730556,-30.7644834836922,0
1.82,45.7292163174717,-26.446378886462,17.6711170470607,45.729216317143,-26.4463788867651,-30.8943064903338,0
1.83,45.7026901870036,-26.4645458068332,17.7918224434674,45.7026901866828,-26.4645458071315,-31.0240953469249,0
1.84,45.6763350009023,-26.4825653996864,17.9125677954832,45.6763350005902,-26.48256539998,-31.1538504953661,0
1.85,45.6501489426937,-26.500439539894,18.0333525996986,45.6501489423889,-26.5004395401825,-31.2835723696839,0
1.86,45.6241302238397,-26.5181700696204,18.1541763613625,45.624130223542,-26.5181700699045,-31.41326139621,0
1.87,45.5982770831702,-26.5357587990501,18.2750385941931,45.5982770828812,-26.5357587993293,-31.5429179937542,0
1.88,45.5725877863296,-26.5532075070903,18.3959388201952,45.5725877860465,-26.5532075073647,-31.6725425737754,0
1.89,45.5470606252257,-26.5705179420601,18.5168765694805,45.5470606249492,-26.5705179423297,-31.8021355405445,0
1.9,45.5216939175091,-26.5876918223581,18.6378513800939,45.5216939172394,-26.5876918226233,-31.9316972913058,0
1.91,45.4964860060528,-26.6047308371134,18.7588627978436,45.4964860057892,-26.604730837374,-32.0612282164322,0
1.92,45.471435258451,-26.6216366468203,18.8799103761362,45.4714352581936,-26.6216366470763,-32.1907286995773,0
1.93,45.4465400665297,-26.6384108839536,19.0009936758155,45.4465400662788,-26.638410884205,-32.3201991178223,0
1.94,45.4217988458699,-26.6550551535711,19.1221122650056,45.4217988456233,-26.6550551538182,-32.4496398418203,0
1.95,45.3972100353349,-26.6715710338987,19.2432657189579,45.3972100350953,-26.6715710341414,-32.5790512359354,0
1.96,45.3727720966255,-26.6879600768998,19.3644536199025,45.3727720963916,-26.6879600771381,-32.7084336583797,0
1.97,45.3484835138297,-26.7042238088309,19.485675556903,45.3484835136012,-26.7042238090649,-32.8377874613449,0
1.98,45.3243427929915,-26.7203637307843,19.606931125714,45.324342792768,-26.720363731014,-32.9671129911318,0
1.99,45.3003484616886,-26.7363813192135,19.7282199286446,45.30034846147,-26.7363813194392,-33.0964105882763,0
2,45.2764990686213,-26.7522780264485,19.8495415744225,45.2764990684082,-26.75227802667,-33.2256805876709,0
2.1,45.0456717415314,-26.9048998765803,21.0644826408322,45.0456716229452,-26.9048998666987,-34.5169325821487,0
2.2,44.8278823909935,-27.0468702336683,22.2823204426014,44.8278776852394,-27.0468695978268,-35.8057557317263,0
2.3,44.621979057994,-27.1793101357636,23.5027522231381,44.6219790579967,-27.1793101357904,-37.0924072910174,0
2.4,44.4269401568354,-27.3031867484863,24.7255161730382,44.4269401202082,-27.3031867455044,-38.3771095481951,0
2.5,44.2418668097757,-27.4193367676599,25.9503855614217,44.241856880359,-27.4193351779516,-39.6600543870938,0
2.6,44.0659797093465,-27.5284858995127,27.1771638442975,44.0659786189651,-27.5284857528202,-40.9414068350149,0
2.7,43.8985580774703,-27.6312734511356,28.4056772047241,43.898558077521,-27.6312734511524,-42.2213139302887,0
2.8,43.7389728497912,-27.7282592309581,29.635773592457,43.7389714182057,-27.7282590587068,-43.4999032544859,0
2.9,43.5866586254865,-27.819937382616,30.8673186951747,43.5866586255154,-27.8199373826232,-44.7772873864804,0
3,43.4410956734882,-27.9067480883259,32.1001925783906,43.4410832867298,-27.9067459570038,-46.0535672231614,0
3.1,43.3018408903892,-27.9890788167195,33.3342901138344,43.3018364521727,-27.9890780487457,-47.3288297550675,0
3.2,43.1684618314875,-28.0672806294212,34.5695154297553,43.1684606324259,-28.0672804407051,-48.6031557999269,0
3.3,43.0405784482928,-28.1416659426604,35.8057834116207,43.040578322528,-28.1416659263211,-49.8766163874892,0
3.4,42.9178444166628,-28.2125158742073,37.0430174428599,42.9178444166965,-28.2125158742127,-51.1492753799622,0
3.5,42.7999398558702,-28.2800845009877,38.2811481816202,42.7999331623815,-28.2800833697997,-52.4211907408644,0
3.6,42.6865827597601,-28.3445996139953,39.5201136872418,42.6865823865723,-28.3445995442439,-53.6924135297821,0
3.7,42.5774978283454,-28.4062708768242,40.7598565716153,42.5774978269537,-28.4062708806091,-54.9629920135881,0
3.8,42.4724416420625,-28.4652869135466,42.0003254062891,42.472441642071,-28.4652869141667,-56.2329688632695,0
3.9,42.3711759693369,-28.5218195322083,43.2414730104265,42.3711760363787,-28.5218239371879,-57.5023837294023,0
4,42.2735263191467,-28.5760279224753,44.4832567592658,42.2735259003972,-28.5760278710716,-58.7712708129429,0
4.1,42.1792646153556,-28.6280548350911,45.7256368556673,42.1792635787453,-28.6280546676103,-60.0396643492454,0
4.2,42.0882225434871,-28.6780328217529,46.9685773611785,42.0882212808024,-28.6780326295214,-61.3075938345596,0
4.3,42.0002333594026,-28.7260834686007,48.2120450656573,42.0002322574703,-28.7260833056418,-62.5750868471119,0
4.4,41.9151418437029,-28.7723187847269,49.4560093681784,41.9151410687215,-28.7723186719464,-63.842168791868,0
4.5,41.8328033923153,-28.8168421021302,50.7004420348647,41.8328029366535,-28.8168420370775,-65.1088631037502,0
4.6,41.7530831423273,-28.8597489029198,51.9453169744131,41.7530829207589,-28.8597488721805,-66.3751914342646,0
4.7,41.675855151622,-28.901127564082,53.1906100352079,41.6758550682012,-28.9011275529044,-67.6411738203365,0
4.8,41.6010016472277,-28.9410600191648,54.4362988248056,41.6010016273523,-28.9410600165164,-68.9068288351808,0
4.9,41.5284123466091,-28.9796223453293,55.6823625497084,41.5284123457053,-28.9796223451572,-70.1721737224875,0
5,41.4579838492797,-29.0168852857866,56.9287818727887,41.4579838485697,-29.0168852860018,-71.4372245156999,0
5.1,41.3896190930968,-29.0529147158535,58.175538786165,41.3896190915497,-29.0529147161143,-72.7019961441044,0
5.2,41.3232268626921,-29.0877720620225,59.4226164968468,41.3232268620401,-29.0877720621577,-73.9665025278609,0
5.3,41.2587213496352,-29.1215146751431,60.6699993250283,41.2587213494098,-29.1215146752158,-75.2307566625982,0
5.4,41.1960217527614,-29.1541961658827,61.9176726126444,41.1960217527336,-29.154196165925,-76.494770695582,0
5.5,41.1350519097214,-29.1858667090672,63.1656226402883,41.1350519097855,-29.1858667090947,-77.7585559948172,0
5.6,41.0757399622856,-29.2165733179948,64.4138365523423,41.0757399623896,-29.2165733180157,-79.0221232113347,0
5.7,41.0180180507578,-29.246360092621,65.6623022892294,41.0180180508792,-29.2463600926388,-80.2854823355347,0
5.8,40.9618174982424,-29.2752685973863,66.9110084134977,40.9618126085327,-29.2752673100494,-81.5486431588195,0
5.9,40.9070884474814,-29.3033373586773,68.1599445561601,40.9070854897144,-29.3033365795851,-82.8116135197399,0
6,40.8537665386205,-29.3306032808205,69.4091005182369,40.8537648862324,-29.3306028425567,-84.0744023376844,0
6.1,40.8017975442886,-29.3571008640844,70.6584668662965,40.8017967239108,-29.3571006472308,-85.337017409883,0
6.2,40.751129984648,-29.3828626291964,71.9080347071701,40.7511296504825,-29.3828625504998,-86.5994660905441,0
6.3,40.7017149664129,-29.4079192611666,73.1577956488916,40.7017148739727,-29.4079192639244,-87.8617553215744,0
6.4,40.6535060290821,-29.4322997397131,74.4077417652285,40.6535060114868,-29.4322997862918,-89.1238916608926,0
6.5,40.6064589995553,-29.4560314580461,75.6578655633454,40.6064589476986,-29.4560315242508,-90.3858813085149,0
6.6,40.5605318553949,-29.4791403314305,76.9081599542261,40.56053170213,-29.4791404023695,-91.6477301306048,0
6.7,40.5156846088169,-29.5016508865464,78.1586182289073,40.5156843634125,-29.5016509519726,-92.9094436801005,0
6.8,40.4718791892194,-29.5235863554842,79.4092340327596,40.4718789697096,-29.5235864100466,-94.1710272170083,0
6.9,40.4290792548509,-29.5449688141795,80.6600013244083,40.429079058853,-29.5449688597806,-95.4324857368703,0
7,40.3872501812115,-29.5658191851499,81.910914379368,40.3872500064375,-29.5658192233485,-96.6938239763996,0
7.1,40.3463589347119,-29.5861573366421,83.161967761407,40.3463587790055,-29.5861573687165,-97.9550464334417,0
7.2,40.3063739812088,-29.6060021488624,84.4131563044479,40.3063738425702,-29.606002175862,-99.216157381987,0
7.3,40.267265200862,-29.6253715752379,85.6644750958241,40.2672650774519,-29.6253715980231,-100.477160886055,0
7.4,40.229003808777,-29.6442826991336,86.9159194607805,40.2290036989302,-29.6442827184123,-101.738060812551,0
7.5,40.1915622810254,-29.6627517864224,88.1674849481036,40.191562183231,-29.6627518027768,-102.998860843181,0
7.6,40.1549142855586,-29.6807943342553,89.4191673167921,40.1549141984639,-29.6807943481657,-104.259564485505,0
7.7,40.1190346176822,-29.6984251163564,90.6709625236758,40.1190345400784,-29.6984251282198,-105.520175083206,0
7.8,40.0838991397206,-29.7156582251266,91.9228667119075,40.0838990705297,-29.7156582352708,-106.780695825628,0
7.9,40.0494847245531,-29.7325071108166,93.1748762002548,40.0494846628158,-29.7325071195132,-108.041129756656,0
8,40.0157692027359,-29.7489846180076,94.4269874731282,40.0157691476045,-29.748984625483,-109.301479782987,0
8.1,39.9827313129517,-29.7651030196147,95.6791971712844,39.9827312636756,-29.7651030260569,-110.56174868183,0
8.2,39.9503506555291,-29.7808740486078,96.9315020831568,39.9503506114442,-29.7808740541735,-111.821939108099,0
8.3,39.9186076488127,-29.7963089276277,98.1838991367576,39.9186076093331,-29.7963089324485,-113.082053601126,0
8.4,39.8874834881963,-29.8114183966595,99.4363853921128,39.8874834528019,-29.8114184008454,-114.342094590925,0
8.5,39.8569601075953,-29.8262127389137,100.688958034187,39.8569600758304,-29.8262127425571,-115.602064404064,0
8.6,39.8270201432354,-29.8407018050453,101.941614366261,39.827020114697,-29.8407018082245,-116.861965269151,0
8.7,39.7976468995514,-29.8548950358374,103.194351803731,39.7976468738842,-29.8548950386184,-118.121799321971,0
8.8,39.7688243170783,-29.8688014834664,104.447167868294,39.7688242939709,-29.8688014859048,-119.38156861031,0
8.9,39.740536942201,-29.8824298314411,105.700060182497,39.740536921372,-29.8824298335841,-120.641275098466,0
9,39.7127698986032,-29.8957884133268,106.953026464616,39.7127698798055,-29.8957884152138,-121.900920671498,0
9.1,39.6855088603569,-29.9088852303213,108.206064523852,39.685508843376,-29.9088852319874,-123.160507139206,0
9.2,39.6587400265031,-29.9217279677889,109.45917225581,39.658740011147,-29.9217279692628,-124.420036239875,0
9.3,39.632450097038,-29.9343240107959,110.712347638247,39.6324500831366,-29.9343240121023,-125.679509643796,0
9.4,39.606626250222,-29.9466804587456,111.965588727078,39.606626237624,-29.9466804599075,-126.938928956585,0
9.5,39.5812561211127,-29.9588041391505,113.218893652603,39.5812561096848,-29.9588041401846,-128.198295722297,0
9.6,39.556327781258,-29.9707016206163,114.472260615959,39.5563277708826,-29.9707016215389,-129.457611426373,0
9.7,39.531829719476,-29.9823792250793,115.725687885776,39.5318297100433,-29.9823792259045,-130.71687749841,0
9.8,39.5077508236248,-29.9938430393602,116.979173795013,39.5077508150424,-29.9938430400994,-131.976095314777,0
9.9,39.4840803633645,-30.0050989260585,118.232716737984,39.484080355549,-30.0050989267228,-133.235266201087,0
