0,-213.096449932278,-9.0638967577359e-07,19.8875686587057,62.7307437214451,3.97767872990741e-07,1.20258322369517,2
0.01,-214.983796649768,-2.90542104481109e-08,20.084666135723,62.3439085203217,4.50354356691055e-08,1.18477207732741,2
0.02,-216.84473035174,-2.24604063069588e-08,20.2783135976853,61.9885501771868,5.86719172929011e-08,1.16776039290419,2
0.03,-218.679410818508,-1.69745172687828e-08,20.468580856952,61.6634267875394,6.12098046731853e-08,1.1514686875606,2
0.04,-220.488031915369,-1.31944169943186e-08,20.6555393056286,61.3673297741666,6.62272952571151e-08,1.13582204325469,2
0.05,-222.270818452838,-1.07165349060023e-08,20.8392614652444,61.0990875295309,7.35498636262677e-08,1.12074997352142,2
0.06,-224.028022695523,-9.03819479545001e-09,21.0198205888403,60.8575678510469,8.01700509687076e-08,1.10618628499372,2
0.07,-225.759921065889,-7.79343084077871e-09,21.1972903086332,60.641679595551,8.38619855326539e-08,1.09206891695136,2
0.08,-227.466811056126,-6.75848842775911e-09,21.3717443261985,60.4503736774705,8.3785336113854e-08,1.07833976565824,2
0.09,-229.149008354715,-5.82249172552222e-09,21.5432561419949,60.2826435185224,8.0154712831914e-08,1.06494449891877,2
0.1,-230.806844189045,-4.9434044778647e-09,21.7118988210147,60.1375250436612,7.37612709629997e-08,1.05183236521896,2
0.11,-232.4406628814,-4.11619592078673e-09,21.8777447913606,60.0140963063158,6.5589152770996e-08,1.03895600096501,2
0.12,-234.050819612514,-3.35089386360038e-09,22.0408656726356,59.9114768152057,5.65730553753023e-08,1.02627123862621,2
0.13,-235.637678384628,-2.66054396265772e-09,22.2013321311642,59.828826625162,4.747821688144e-08,1.0137369179924,2
0.14,-237.201610174379,-2.05538927869862e-09,22.3592137592247,59.7653452454146,3.88597371842785e-08,1.00131470224936,2
0.15,-238.742991264787,-1.53851866338019e-09,22.5145789756588,59.7202704107701,3.10706814872475e-08,0.988968900151921,2
0.16,-240.26220174501,-1.10868799297476e-09,22.6674949454185,59.6928767539417,2.42947220806689e-08,0.976666295219407,2
0.17,-241.759624166272,-7.59795399990146e-10,22.8180275158123,59.6824744110226,1.85878524122142e-08,0.964375982583728,2
0.18,-243.235642342387,-4.83466262683752e-10,22.9662411674063,59.6884075865823,1.39147982791622e-08,0.952069213881022,2
0.19,-244.690640283541,-2.69449339142941e-10,23.1121989777308,59.7100531001396,1.01860906166523e-08,0.939719250384681,2
0.2,-246.125001252344,-1.07052937478244e-10,23.2559625961259,59.7468189316601,7.28175907879812e-09,0.927301224421053,2
0.21,-247.539106931681,1.38847528309907e-11,23.3975922282258,59.7981427802413,5.07174978690893e-09,0.914792008990602,2
0.22,-248.933336694412,1.02833023997093e-10,23.5371466287499,59.8634906471935,3.42898573906869e-09,0.902170095422542,2
0.23,-250.308066965601,1.66518679270769e-10,23.6746831014088,59.9423554522098,2.2365661193186e-09,0.889415478821302,2
0.24,-251.663670668559,2.1179451096566e-10,23.8102575048733,60.0342556892354,1.3930219997264e-09,0.876509551013713,2
0.25,-253.000516746601,2.43565614779871e-10,23.9439242638737,60.138734126887,8.12791424713733e-10,0.863435000669544,2
0.26,-254.318969753059,2.65848041985321e-10,24.0757363846101,60.2553565568399,4.25999978998989e-10,0.850175720246316,2
0.27,-255.619389502654,2.81708950383621e-10,24.205745473754,60.3837105923961,1.78225126199133e-10,0.836716719397385,2
0.28,-256.902130777937,2.93532257961832e-10,24.3340017604105,60.5234045184926,2.6921013866494e-11,0.823044044476816,2
0.29,-258.167543085025,3.02719916137322e-10,24.4605541204897,60.674066193609,-5.95835596438115e-11,0.809144703778456,2
0.3,-259.415970453374,3.1011332965545e-10,24.5854501030102,60.8353420034242,-1.0413863784438e-10,0.795006598150997,2
0.31,-260.647751274821,3.15899533609573e-10,24.7087359579173,61.0068958655608,-1.2247926529593e-10,0.78061845664277,2
0.32,-261.863218177556,3.212476661909e-10,24.8304566650568,61.1884082843801,-1.26296378804886e-10,0.765969776841774,2
0.33,-263.062697931097,3.25882162184252e-10,24.9506559639934,61.3795754544952,-1.22564851768193e-10,0.751050769591411,2
0.34,-264.246511378714,3.30140482958157e-10,25.0693763844074,61.5801084114504,-1.15644301297883e-10,0.735852307777448,2
0.35,-265.414973394124,3.34368452440921e-10,25.186659276841,61.7897322278596,-1.08202233909109e-10,0.720365878898691,2
0.36,-266.568392859542,3.37990587923639e-10,25.3025448436,62.0081852531955,-1.01829732742763e-10,0.7045835411494,2
0.37,-267.70707266251,3.41656660469004e-10,25.4170721696437,62.2352183953524,-9.69158113408187e-11,0.688497882759091,2
0.38,-268.831309709181,3.4463559164409e-10,25.5302792533252,62.4705944420814,-9.33363023676549e-11,0.672101984350131,2
0.39,-269.941394951931,3.47768113609435e-10,25.6422030368646,62.7140874203904,-9.13305013383701e-11,0.655389384090199,2
0.4,-271.037613429472,3.49507994953631e-10,25.7528794364563,62.9654819920158,-9.01261771274833e-11,0.638354045431883,2
0.41,-272.120238208454,-4.94170903693626e-05,25.8623421083888,63.2245604088465,1.60501751140035e-05,0.620992642093632,2
0.42,-273.189556034711,-3.97456253542865e-05,25.970627823967,63.4911561929864,1.27248396649703e-05,0.60329465780763,2
0.43,-274.245827156626,-3.13069230352099e-05,26.077767988445,63.7650644823997,9.90650555995616e-06,0.585258233844107,2
0.44,-275.289313551873,-2.40280769887354e-05,26.1837947123814,64.046107438158,7.54386904398417e-06,0.566878728052732,2
0.45,-276.320271621683,-1.78395433928832e-05,26.2887392225613,64.3341152448609,5.58876740002607e-06,0.548151799190978,2
0.46,-277.338952275984,-1.26750767507327e-05,26.3926318885823,64.6289256926161,3.99644684546041e-06,0.529073386309048,2
0.47,-278.345601022393,-8.47165784827186e-06,26.4955022487845,64.9303837830268,2.72573898079395e-06,0.509639689601547,2
0.48,-279.340458058329,-5.16940877709829e-06,26.5973790355098,65.2383413577361,1.73915991878606e-06,0.489847152620893,2
0.49,-280.323758365587,-2.71150328672032e-06,26.6982901996838,65.5526567481547,1.00293803351518e-06,0.469692445754234,2
0.5,-281.295731806804,-1.04406048791542e-06,26.7982629347138,65.8731944450852,4.86981716607592e-07,0.44917245087358,2
0.51,-282.256603223296,-1.16041322130271e-07,26.8973236997047,66.1998247870333,1.64793645226775e-07,0.42828424707435,2
0.52,-283.206592533832,1.20878405425809e-07,26.9954982419941,66.5324236660712,1.33436157334025e-08,0.407025097425263,2
0.53,-284.145914834815,-7.7917313504039e-09,27.0928116188162,66.8708722957976,-4.41838544744388e-09,0.385392435071631,2
0.54,-285.074780528842,-6.46619094466644e-09,27.1892882246526,67.2150569517194,-3.75036553765598e-09,0.363383841620054,2
0.55,-285.993395361826,-5.16391087355961e-09,27.2849518019822,67.5648686118457,-2.715048580057e-09,0.34099705599162,2
0.56,-286.901960542534,-3.88959631950764e-09,27.3798254632276,67.9202028188611,-1.23571645971321e-09,0.318229958149343,2
0.57,-287.800672852915,-2.64341697923248e-09,27.4739317122343,68.2809594327056,7.51545852894359e-10,0.295080557663598,2
0.58,-288.689724745779,-1.42573978404587e-09,27.5672924628481,68.6470424189979,3.3018063292159e-09,0.2715469854131,2
0.59,-289.569304441457,-2.36760430705196e-10,27.6599290568849,69.0183596491285,6.45857660885527e-09,0.247627485869322,2
0.6,-290.439596023295,9.26303139227314e-10,27.751862281509,69.3948227113377,1.02566139800059e-08,0.223320409922373,2
0.61,-291.300779531859,2.06816657029318e-09,27.8431123860359,69.7763467321184,1.47193588630624e-08,0.1986242082073,2
0.62,-292.153031057728,3.19156379449681e-09,27.9336990981747,70.1628502073326,1.98620258138769e-08,0.173537424895731,2
0.63,-292.996522832809,4.30279478279977e-09,28.023641639729,70.5542548424687,2.56916941954784e-08,0.148058691917258,2
0.64,-293.831423320083,5.4065949850815e-09,28.1129587417708,70.9504854014965,3.22065792819626e-08,0.122186723580039,2
0.65,-294.657897301728,6.50941666194282e-09,28.2016686593048,71.3514695638159,3.93997519681447e-08,0.0959203115620715,2
0.66,-295.476105965582,7.61826732774418e-09,28.2897891854386,71.7571377888249,4.7255622505132e-08,0.069258320245074,2
0.67,-296.286206989883,8.73940230513431e-09,28.3773376650753,72.1674231876598,5.57527663697446e-08,0.0421996823679229,2
0.68,-297.088354626302,9.87993421623645e-09,28.4643310081434,72.5822614016957,6.48664949588242e-08,0.0147433949758071,2
0.69,-297.882699781202,1.10470691943101e-08,28.550785702381,73.0015904874035,7.45658745736257e-08,-0.0131114843561412,2
0.7,-298.669390095154,1.22472520042161e-08,28.6367178256876,73.4253508072127,8.48151733509345e-08,-0.0413658410438197,2
0.71,-299.448570020685,1.34876827848768e-08,28.7221430580589,73.8534849260201,9.55766923985656e-08,-0.0700205067774142,2
0.72,-300.220380898254,1.47741280242739e-08,28.8070766931198,74.2859375130334,1.06809118552258e-07,-0.099076262584934,2
0.73,-300.984961030491,1.61143217797255e-08,28.8915336492683,74.7226552486351,1.18467331382483e-07,-0.12853384169068,2
0.74,-301.742445754674,1.75148108820175e-08,28.9755284804442,75.1635867359918,1.30505853548381e-07,-0.158393932182208,2
0.75,-302.492967513484,1.8980060070492e-08,29.059075386536,75.6086824171349,1.42876328872816e-07,-0.188657179501039,2
0.76,-303.236655924053,2.05160066097179e-08,29.1421882234397,76.0578944932673,1.55529550458769e-07,-0.219324188767865,2
0.77,-303.973637845312,2.21295553669981e-08,29.2248805127806,76.5111768490542,1.68414050888454e-07,-0.250395526954224,2
0.78,-304.704037443678,2.38242631430199e-08,29.3071654513087,76.9684849806833,1.81479860554643e-07,-0.281871724910758,2
0.79,-305.427976257097,2.56028525255636e-08,29.3890559199838,77.4297759274831,1.94675785106062e-07,-0.313753279263078,2
0.8,-306.145573257471,2.74725413937013e-08,29.4705644927582,77.895008206903,2.07949288128688e-07,-0.346040654183285,2
0.81,-306.856944911499,2.94349737075747e-08,29.551703445066,78.3641417526758,2.2124976111035e-07,-0.378734283045318,2
0.82,-307.562205239958,3.14931585072495e-08,29.6324847620353,78.8371378559873,2.34525620158507e-07,-0.411834569973635,2
0.83,-308.261465875463,3.36493824098019e-08,29.7129201464278,79.3139591094888,2.47726952134434e-07,-0.445341891290521,2
0.84,-308.954836118719,3.59066659938109e-08,29.7930210263186,79.7945693540067,2.60803700845216e-07,-0.479256596870607,2
0.85,-309.642422993314,3.82657123158131e-08,29.8727985625245,80.2789336277995,2.73707853575304e-07,-0.513579011407644,2
0.86,-310.324331299085,4.07275104275309e-08,29.9522636557906,80.7670181182278,2.86391002987749e-07,-0.54830943560012,2
0.87,-311.000663664068,4.32935220824257e-08,30.0314269537418,81.2587901157156,2.98807333633027e-07,-0.583448147260664,2
0.88,-311.671520595087,4.59638826730627e-08,30.1102988576118,81.7542179698773,3.10911258575219e-07,-0.618995402355318,2
0.89,-312.337000527005,4.87377359147806e-08,30.1888895287531,82.2532710477002,3.22659438013176e-07,-0.654951435975953,2
0.9,-312.997199870669,5.16139562747528e-08,30.2672088949377,82.7559196936758,3.34010358416653e-07,-0.691316463251296,2
0.91,-313.652213059575,5.45930558468188e-08,30.3452666564587,83.2621351917815,3.44922086101263e-07,-0.728090680201203,2
0.92,-314.302132595295,5.76728393228074e-08,30.4230722920341,83.771889729219,3.55356816845228e-07,-0.765274264536,2
0.93,-314.947049091694,6.08495728735003e-08,30.500635064525,84.2851563618145,3.65277802149774e-07,-0.802867376406542,2
0.94,-315.587051317957,6.41232942516848e-08,30.5779640264735,84.8019089810052,3.74648847945459e-07,-0.840870159107774,2
0.95,-316.222226240475,6.74905215845845e-08,30.6550680254645,85.3221222823289,3.83436833602344e-07,-0.879282739737809,2
0.96,-316.852659063601,7.09471775200282e-08,30.7319557093207,85.8457717353405,3.91610619668303e-07,-0.918105229817028,2
0.97,-317.478433269319,7.44904067812371e-08,30.8086355311354,86.3728335548918,3.99139857241125e-07,-0.95733772586931,2
0.98,-318.099630655845,7.81161042656686e-08,30.885115754148,86.903284673696,4.05997914452658e-07,-0.99698030996686,2
0.99,-318.716331375194,8.1819686668233e-08,30.9614044564699,87.437102716132,4.1215846924899e-07,-1.03703305024376,2
1,-319.328613969743,8.55959363362316e-08,31.0375095356632,87.9742659732073,4.17598293831964e-07,-1.07749600137651,2
1.01,-319.936555407806,8.944102448602e-08,31.1134387131809,88.5147533786468,4.22295464456643e-07,-1.11836920503818,2
1.02,-320.540231118258,9.33482002998115e-08,31.1891995386697,89.0585444860354,4.26230712777861e-07,-1.15965269032396,2
1.03,-321.139715024227,9.73120578033268e-08,31.2647993941436,89.6056194469735,4.29386269038164e-07,-1.20134647415262,2
1.04,-321.735079575892,1.01325385226322e-07,31.34024549803,90.1559589901995,4.31747351443707e-07,-1.24345056164487,2
1.05,-322.326395782386,1.05382940551041e-07,31.415544909095,90.7095444016288,4.33300457488954e-07,-1.28596494647961,2
1.06,-322.913733242855,1.09477534861353e-07,31.4907045302502,91.266357505272,4.34033293155237e-07,-1.32888961123073,2
1.07,-323.497160176686,1.13601378244448e-07,31.5657311122468,91.826380644988,4.33938089534642e-07,-1.37222452768419,2
1.08,-324.076743452915,1.1774639489294e-07,31.6406312572595,92.38959666704,4.33007956859768e-07,-1.41596965713895,2
1.09,-324.652548618863,1.21904056369325e-07,31.7154114223648,92.9559889034096,4.31237438774761e-07,-1.46012495069112,2
1.1,-325.224639927994,1.26066440877572e-07,31.7900779229168,93.5255411558458,4.28624146121739e-07,-1.50469034950293,2
1.11,-325.793080367033,1.30224727962897e-07,31.864636935825,94.0982376806068,4.25168062555704e-07,-1.54966578505828,2
1.12,-326.357931682366,1.34369931740347e-07,31.9390945027357,94.6740631738731,4.20870352377516e-07,-1.59505117940568,2
1.13,-326.919254405727,1.38491597416641e-07,32.0134565331217,95.2530027577918,4.15734777306411e-07,-1.6408464453883,2
1.14,-327.477107879208,1.42578945455663e-07,32.0877288072837,95.8350419671377,4.09768390860314e-07,-1.6870514868641,2
1.15,-328.031550279597,1.46622819905372e-07,32.1619169792646,96.4201667365558,4.02977885330912e-07,-1.73366619891578,2
1.16,-328.582638642071,1.50611726716134e-07,32.2360265796807,97.0083633883631,3.95374264561873e-07,-1.78069046805041,2
1.17,-329.130428883264,1.54533767712794e-07,32.3100630184737,97.59961862089,3.86971259587737e-07,-1.82812417239177,2
1.18,-329.674975823715,1.5837770475733e-07,32.384031587584,98.1939194973296,3.77782363201757e-07,-1.87596718186444,2
1.19,-330.216333209726,1.62130003204981e-07,32.4579374635489,98.7912534350889,3.67825453662703e-07,-1.92421935837038,2
1.2,-330.754553734636,1.65778599621295e-07,32.5317857100288,99.3916081956043,3.57120400806821e-07,-1.97288055595925,2
1.21,-331.289689059537,1.69310500281253e-07,32.6055812802634,99.994971874619,3.45687615094757e-07,-2.02195062099351,2
1.22,-331.821789833435,1.72711170697525e-07,32.6793290194582,100.601332892891,3.33551938300116e-07,-2.07142939230651,2
1.23,-332.350905712883,1.75965570971097e-07,32.753033667108,101.210679987325,3.20739999258319e-07,-2.12131670135759,2
1.24,-332.877085381096,1.79060187197565e-07,32.8266998592552,101.823002202501,3.07279008464941e-07,-2.17161237238204,2
1.25,-333.400376566551,1.81977989992949e-07,32.900332130686,102.4382888826,2.93201031318063e-07,-2.22231622253658,2
1.26,-333.92082606111,1.84702845525131e-07,32.9739349170698,103.056529663693,2.78539328751187e-07,-2.273428062043,2
1.27,-334.43847973765,1.8721848967819e-07,33.047512557038,103.677714466392,2.63328619497412e-07,-2.32494769432748,2
1.28,-334.953382567242,1.89506747889576e-07,33.1210692942093,104.301833488855,2.47608556234579e-07,-2.37687491615793,2
1.29,-335.465578635864,1.91550418004657e-07,33.1946092791602,104.928877200109,2.31417961609175e-07,-2.42920951777942,2
1.3,-335.975111160679,1.93328796037166e-07,33.2681365713427,105.558836333708,2.14800706059733e-07,-2.48195128304691,2
1.31,-336.482022505884,1.94823221695908e-07,33.3416551409536,106.191701881695,1.97802181279693e-07,-2.53509998955774,2
1.32,-336.986354198139,1.96015056850782e-07,33.4151688707525,106.827465088863,1.80468402961615e-07,-2.5886554087822,2
1.33,-337.488146941584,1.96879339835372e-07,33.4886815578325,107.466117447306,1.62851899556705e-07,-2.6426173061924,2
1.34,-337.98744063247,1.97395958050593e-07,33.5621969153486,108.107650691253,1.45005266808263e-07,-2.69698544139324,2
1.35,-338.48427437339,1.97542688660894e-07,33.6357185741967,108.752056792166,1.26982126926259e-07,-2.7517595682506,2
1.36,-338.978686487145,1.97294314299885e-07,33.7092500846516,109.399327954101,1.08842760992035e-07,-2.80693943501993,2
1.37,-339.470714530233,1.96624872888726e-07,33.7827949179655,110.049456609328,9.06461642968814e-08,-2.86252478447674,2
1.38,-339.960395305984,1.95511063728372e-07,33.8563564679225,110.702435414189,7.24553104627761e-08,-2.91851535404575,2
1.39,-340.447764877348,1.93924749317814e-07,33.9299380523551,111.358257245197,5.43370175269328e-08,-2.97491087593134,2
1.4,-340.932858579338,1.91836761058092e-07,34.0035429146236,112.016915195365,3.63594647449957e-08,-3.0317110772493,2
1.41,-341.415711031143,1.89219566216169e-07,34.0771742250587,112.678402570757,1.85935157882323e-08,-3.08891568015979,2
1.42,-341.896356147917,1.86042759480094e-07,34.1508350823662,113.342712887264,1.11285985027881e-09,-3.14652440200084,2
1.43,-342.374827152251,1.82273517901517e-07,34.2245285149993,114.009839867582,-1.60055813069361e-08,-3.2045369554242,2
1.44,-342.851156585336,1.77879916061531e-07,34.2982574824968,114.679777438401,-3.26824164398332e-08,-3.26295304853257,2
1.45,-343.325376317825,1.72827802609118e-07,34.3720248767877,115.352519727794,-4.88357560003184e-08,-3.32177238501908,2
1.46,-343.797517560401,1.67082338077898e-07,34.4458335234653,116.028061062797,-6.43809360111741e-08,-3.38099466430825,2
1.47,-344.267610874054,1.6060440877208e-07,34.5196861830294,116.706395967187,-7.92300419256639e-08,-3.4406195816995,2
1.48,-344.735686180083,1.53356631614997e-07,34.5935855521005,117.387519159443,-9.32914170810595e-08,-3.50064682851354,2
1.49,-345.201772769817,1.45301453395238e-07,34.6675342646034,118.07142555088,-1.06474227406193e-07,-3.56107609224103,2
1.5,-345.66589931407,1.36392676326758e-07,34.7415348929222,118.758110243975,-1.1868002339167e-07,-3.62190705669257,2
1.51,-346.128093872333,1.26588779549019e-07,34.81558994903,119.447568530856,-1.2980973437219e-07,-3.68313940215411,2
1.52,-346.588383901708,1.15845687384021e-07,34.8897018855916,120.139795891965,-1.3976207036354e-07,-3.74477280554372,2
1.53,-347.046796265591,1.04115799392547e-07,34.9638730970386,120.834787994888,-1.48431523611277e-07,-3.8068069405714,2
1.54,-347.503357242107,9.1349189892953e-08,35.0381059206206,121.532540693346,-1.55711221758951e-07,-3.8692414779027,2
1.55,-347.958092532304,7.74958147393284e-08,35.1124026374336,122.233050026351,-1.61488705636113e-07,-3.93207608532565,2
1.56,-348.411027268109,6.25027516175727e-08,35.1867654734221,122.936312217519,-1.65651120305563e-07,-3.9953104279214,2
1.57,-348.862186020056,4.63134862509207e-08,35.2611966003592,123.642323674531,-1.68081552852188e-07,-4.05894416823757,2
1.58,-349.311592804777,2.88713928632556e-08,35.3356981368048,124.351080988761,-1.68659714928562e-07,-4.12297696646662,2
1.59,-349.759271092279,1.01173063191129e-08,35.4102721490421,125.062580935045,-1.67264210166034e-07,-4.18740848062749,2
1.6,-350.205243812995,-1.00124880331176e-08,35.484920651991,125.776820471601,-1.637680044006e-07,-4.25223836675092,2
1.61,-350.649533364625,-3.15813549782093e-08,35.5596456101039,126.493796740101,-1.58044079702664e-07,-4.31746627907007,2
1.62,-351.092161618751,-5.46595584488552e-08,35.6344489382373,127.213507065882,-1.49959061064575e-07,-4.38309187021324,2
1.63,-351.533149927264,-7.93145892730857e-08,35.7093325025094,127.935948958307,-1.39380205419794e-07,-4.44911479140432,2
1.64,-351.972519128568,-1.05621064826547e-07,35.7842981211326,128.661120111273,-1.26168772430092e-07,-4.51553469266417,2
1.65,-352.410289553589,-1.33655333698149e-07,35.8593475652313,129.389018403846,-1.10186217838239e-07,-4.58235122301896,2
1.66,-352.846481031584,-1.6349780127857e-07,35.9344825596402,130.11964190106,-9.1287869038309e-08,-4.64956403071242,2
1.67,-353.281112895749,-1.95229783173968e-07,36.0097047836857,130.852988854836,-6.93287169829977e-08,-4.71717276342334,2
1.68,-353.714203988642,-2.28937773513911e-07,36.0850158719485,131.589057705057,-4.41606939388835e-08,-4.78517706848758,2
1.69,-354.145772667402,-2.64712753208704e-07,36.1604174150106,132.327847080775,-1.5631523547343e-08,-4.85357659312551,2
1.7,-354.575836808789,-3.02648551372964e-07,36.2359109601853,133.069355801558,1.64132784572814e-08,-4.92237098467452,2
1.71,-355.004413814031,-3.42841836792514e-07,36.3114980122325,133.813582878984,5.21294470463493e-08,-4.99155989082793,2
1.72,-355.431520613485,-3.85394782999142e-07,36.3871800340552,134.560527518266,9.16769418370274e-08,-5.06114295987738,2
1.73,-355.857173671115,-4.30415544067086e-07,36.4629584473837,135.310189120026,1.35218400384215e-07,-5.13111984096292,2
1.74,-356.281388988792,-4.78011582528276e-07,36.5388346334434,136.062567282202,1.82916754514362e-07,-5.20149018432803,2
1.75,-356.704182110405,-5.2829867467968e-07,36.6148099336082,136.817661802107,2.34937975680848e-07,-5.27225364158077,2
1.76,-357.125568125798,-5.81399652537125e-07,36.6908856500389,137.575472678622,2.91452597458563e-07,-5.34340986596025,2
1.77,-357.545561674527,-6.374382488291e-07,36.7670630463079,138.336000114537,3.52632524366122e-07,-5.41495851261085,2
1.78,-357.964176949436,-6.96544355034689e-07,36.8433433480113,139.099244519033,4.18647442457145e-07,-5.4868992388623,2
1.79,-358.38142770006,-7.58856586777646e-07,36.9197277433646,139.865206510322,4.89675952091611e-07,-5.55923170451524,2
1.8,-358.797327235851,-8.24515246410171e-07,36.9962173837885,140.633886918421,5.65893060442552e-07,-5.63195557213569,2
1.81,-359.211888429223,-8.93671912324465e-07,37.072813384478,141.40528678808,6.47478401585161e-07,-5.70507050735421,2
1.82,-359.625123718428,-9.66477790640633e-07,37.1495168249627,142.179407381874,7.34610548509167e-07,-5.77857617917424,2
1.83,-360.037045110246,-1.04309919124988e-06,37.2263287496504,142.956250183432,8.27473209742127e-07,-5.85247226028624,2
1.84,-360.447664182509,-1.12370212455122e-06,37.3032501683621,143.735816900832,9.26247391171619e-07,-5.92675842739054,2
1.85,-360.856992086441,-1.20846500229702e-06,37.3802820568514,144.518109470158,1.03111753428794e-06,-6.00143436152701,2
1.86,-361.265039548825,-1.29757286787199e-06,37.4574253573144,145.303130059211,1.1422689413761e-06,-6.07649974841309,2
1.87,-361.671816873985,-1.39121668532452e-06,37.5346809788875,146.090881071396,1.25988495756554e-06,-6.15195427879133,2
1.88,-362.077333945597,-1.48959968104779e-06,37.6120497981309,146.881365149764,1.38415147073754e-06,-6.22779764878221,2
1.89,-362.481600228312,-1.59293148544902e-06,37.689532659504,147.674585181241,1.5152546859415e-06,-6.30402956024903,2
1.9,-362.884624769204,-1.70143497395985e-06,37.7671303758274,148.470544301026,1.65337987875877e-06,-6.38064972116981,2
1.91,-363.286416199027,-1.81533810704503e-06,37.8448437287347,149.26924589717,1.79871123783893e-06,-6.45765784601982,2
1.92,-363.686982733291,-1.93488473689994e-06,37.9226734691116,150.070693615339,1.95143378260167e-06,-6.53505365616172,2
1.93,-364.086332173151,-2.06032708677641e-06,38.0006203175259,150.87489136377,2.11173120646458e-06,-6.61283688024749,2
1.94,-364.484471906102,-2.19193020327109e-06,38.0786849646451,151.681843318419,2.27978486023767e-06,-6.69100725462994,2
1.95,-364.881408906483,-2.32997081769026e-06,38.1568680716439,152.491553928311,2.45577386407347e-06,-6.76956452378418,2
1.96,-365.277149735787,-2.47474165864219e-06,38.2351702706005,153.304027921091,2.63987808789962e-06,-6.84850844074025,2
1.97,-365.671700542772,-2.62654637880194e-06,38.3135921648824,154.119270308795,2.83227204625795e-06,-6.92783876752769,2
1.98,-366.065067063364,-2.78570594117547e-06,38.3921343295215,154.93728639383,3.03312830203831e-06,-7.00755527563076,2
1.99,-366.457254620363,-2.95255675099738e-06,38.4707973115786,155.758081775186,3.24261667694842e-06,-7.08765774645618,2
2,-366.848268122934,-3.12745172261343e-06,38.5495816304968,156.581662354874,3.46090343148766e-06,-7.16814597181304,2
2.01,-367.238112065882,-3.31076173525177e-06,38.6284877784452,157.408034344609,3.68814959863801e-06,-7.24901975440638,2
2.02,-367.626790528711,-3.50287704004482e-06,38.7075162206515,158.237204272733,3.92451037836499e-06,-7.33027890834349,2
2.03,-368.014307174459,-3.70420657577362e-06,38.7866673957236,159.069178991406,4.17013844376281e-06,-7.41192325965386,2
2.04,-368.400665248299,-3.91518289738187e-06,38.8659417159613,159.903965684045,4.42517687841086e-06,-7.49395264682433,2
2.05,-368.785867575913,-4.13626048502902e-06,38.9453395676571,160.741571873057,4.68976751928673e-06,-7.57636692134868,2
2.06,-369.169916561612,-4.36791791895755e-06,39.0248613113861,161.582005427838,4.9640403093252e-06,-7.65916594829331,2
2.07,-369.552814186224,-4.61065924120974e-06,39.1045072822857,162.425274573077,5.24811864499868e-06,-7.74234960687835,2
2.08,-369.934562004706,-4.86501759247994e-06,39.184277790323,163.271387897366,5.54211896898298e-06,-7.82591779107603,2
2.09,-370.315161143516,-5.13155408673582e-06,39.2641731205537,164.120354362122,5.8461468751725e-06,-7.90987041022677,2
2.1,-370.694612297696,-5.4108635246323e-06,39.3441935333679,164.972183310845,6.16029938001281e-06,-7.99420738967315,2
2.11,-371.072915727683,-5.70357308703944e-06,39.4243392647251,165.826884478716,6.48466197298106e-06,-8.07892867141282,2
2.12,-371.450071255832,-6.0103450840208e-06,39.5046105263793,166.684468002555,6.81930857011545e-06,-8.16403421477164,2
2.13,-371.826078262637,-6.33188261787553e-06,39.5850075060908,167.544944431147,7.16430180866155e-06,-8.24952399709715,2
2.14,-372.200935682648,-6.6689300155208e-06,39.6655303678274,168.408324735956,7.51969018322773e-06,-8.33539801447343,2
2.15,-372.574642000064,-7.02227672820955e-06,39.7461792519536,169.274620322251,7.88550928356303e-06,-8.42165628245856,2
2.16,-372.947195243996,-7.392756662024e-06,39.8269542754089,170.143843040639,8.26177709111267e-06,-8.50829883684652,2
2.17,-373.31859298339,-7.78126171846547e-06,39.9078555318709,171.016005199049,8.64849958558708e-06,-8.59532573445127,2
2.18,-373.688832321586,-8.18873355496439e-06,39.9888830919093,171.891119575173,9.04566278293905e-06,-8.68273705391921,2
2.19,-374.057909890511,-8.61617697170609e-06,40.0700370031255,172.769199429379,9.45323579372437e-06,-8.77053289656659,2
2.2,-374.425821844488,-9.06466161681096e-06,40.1513172902791,173.650258518136,9.87116983105292e-06,-8.85871338724592,2
2.21,-374.792563853637,-9.53532300715539e-06,40.2327239554014,174.534311107953,1.02993928361474e-05,-8.94727867524128,2
2.22,-375.158131096866,-1.00293785969458e-05,40.3142569778948,175.421371989877,1.07378164837767e-05,-9.03622893519445,2
2.23,-375.522518254416,-1.05481216398839e-05,40.3959163146194,176.311456494553,1.11863252496621e-05,-9.12556436806421,2
2.24,-375.885719499959,-1.10929355610174e-05,40.4777018999628,177.204580507897,1.16447825979503e-05,-9.21528520211785,2
2.25,-376.247728492222,-1.1665301703267e-05,40.5596136458972,178.100760487396,1.21130282419802e-05,-9.30539169395958,2
2.26,-376.6085383661,-1.22668032500739e-05,40.6416514420198,179.000013479058,1.25908750353101e-05,-9.39588412959552,2
2.27,-376.96814172327,-1.28991350579301e-05,40.7238151555786,179.90235713508,1.3078107403679e-05,-9.48676282553877,2
2.28,-377.326530622243,-1.35641184660581e-05,40.8061046314792,180.807809732218,1.35744849861529e-05,-9.5780281299533,2
2.29,-377.683696567862,-1.42637028461121e-05,40.8885196922781,181.716390190941,1.4079734255509e-05,-9.6696804238445,2
2.3,-378.039630500185,-1.49999866485139e-05,40.9710601381555,182.628118095376,1.45935520718802e-05,-9.76172012229194,2
2.31,-378.394322782759,-1.5775210370571e-05,41.053725746874,183.543013714178,1.51155890076018e-05,-9.8541476757395,2
2.32,-378.747763167116,-1.66350118996858e-05,41.1365162592109,184.461097834847,1.57396129276807e-05,-9.94696354383693,2
2.33,-379.099940510461,-1.82555537993998e-05,41.2194311924229,185.382389265042,1.78389236133239e-05,-10.0401678388143,2
2.34,-379.450843668381,-2.01668814681501e-05,41.302470426031,186.306912531386,2.02873886910766e-05,-10.1337614417518,2
2.35,-379.800460563471,-2.24124513088734e-05,41.385633637655,187.234690695187,2.31367272137952e-05,-10.2277449381254,2
2.36,-380.148778472704,-2.50427373163381e-05,41.468920480503,188.165747591755,2.64461785515332e-05,-10.32211895278,2
2.37,-380.495784011317,-2.81162418512694e-05,41.5523305830027,189.100107853132,3.02835176011025e-05,-10.4168841511137,2
2.38,-380.841463115837,-3.17006230062073e-05,41.6358635483889,190.037796931498,3.47261703950458e-05,-10.5120412402788,2
2.39,-381.185801026195,-3.58739810238894e-05,41.7195189542368,190.978841123256,3.98624846112035e-05,-10.6075909703938,2
2.4,-381.528782267022,-4.07257900590582e-05,41.8032963520776,191.923267595925,4.57923034889469e-05,-10.7035341360381,2
2.41,-381.870390585258,-4.65424649210792e-05,41.8871952185088,192.871103643423,5.29204355084571e-05,-10.7998714800684,2
2.42,-382.210610583916,5.94673424544022e-10,41.971227441576,193.822611795209,-3.76094402684466e-10,-10.8966306504488,2
2.43,-382.549421844698,5.93735253053929e-10,42.0553695955532,194.777390116035,-3.78126435978537e-10,-10.9937630979428,2
2.44,-382.886806954941,5.90999953687635e-10,42.13963193466,195.735673761766,-3.81665473707317e-10,-11.0912931982934,2
2.45,-383.222746527771,5.86854192913028e-10,42.2240139062997,196.697495410575,-3.83501167020711e-10,-11.1892220682472,2
2.46,-383.557220320512,5.78827886378477e-10,42.3085149319822,197.662888881069,-3.86365594723446e-10,-11.2875508873267,2
2.47,-383.890207206715,5.69602590991931e-10,42.3931344068431,198.631889175602,-3.8977563995954e-10,-11.3862809003928,2
2.48,-384.221685146602,5.56560930914211e-10,42.4778716991227,199.6045325258,-3.92216545401719e-10,-11.4854134203364,2
2.49,-384.551631155801,5.39390521017789e-10,42.5627261496,200.58085644044,-3.94275888576223e-10,-11.5849498309047,2
2.5,-384.880021272288,5.1690452496111e-10,42.6476970709804,201.560899755857,-3.95134001392053e-10,-11.6848915896705,2
2.51,-385.206830521398,4.86569179749836e-10,42.7327837472352,202.544702689022,-3.92617105195387e-10,-11.7852402311562,2
2.52,-385.532032878792,4.48555975376312e-10,42.8179854328881,203.532306893477,-3.86362823624666e-10,-11.8859973701214,2
2.53,-385.855601231232,4.00270407259744e-10,42.9033013522454,204.523755518323,-3.71173108199528e-10,-11.9871647050242,2
2.54,-386.177507335025,3.36719517990847e-10,42.9887306985668,205.519093270461,-3.43025559346177e-10,-12.0887440216711,2
2.55,-386.49772177196,2.60083362832453e-10,43.0742726331754,206.518366480319,-2.97932020146188e-10,-12.190737197066,2
2.56,-386.816213902584,1.63189109469476e-10,43.1599262844949,207.521623171302,-2.24960567155822e-10,-12.2931462034721,2
2.57,-387.13295181661,4.11459570299859e-11,43.2456907470197,208.528913133232,-1.10564792130813e-10,-12.3959731127049,2
2.58,-387.447902280261,-1.08026826741749e-10,43.3315650802047,209.540288000057,5.92661945995193e-11,-12.4992201006704,2
2.59,-387.76103068032,-2.93811446092779e-10,43.417548307272,210.555801332152,3.12829529966994e-10,-12.6028894521647,2
2.6,-388.072300964653,-5.25476083652887e-10,43.5036394139296,211.575508703541,6.80235670742768e-10,-12.7069835659608,2
2.61,-388.381675578927,-8.11366397679425e-10,43.5898373469952,212.599467794405,1.20751606077444e-09,-12.8115049601972,2
2.62,-388.689115399245,-1.16360524308416e-09,43.6761410129151,213.627738489285,1.95125411607457e-09,-12.9164562780948,2
2.63,-388.994579660377,-1.60122134128249e-09,43.7625492761733,214.66038298141,2.99477629890979e-09,-13.0218402940263,2
2.64,-389.298025879248,-2.1427251420663e-09,43.8490609575834,215.697465883624,4.43927147797916e-09,-13.1276599199685,2
2.65,-389.599409773303,-2.81376315606693e-09,43.935674832449,216.739054346444,6.42418537225194e-09,-13.233918212363,2
2.66,-389.898685173328,-3.64617812787134e-09,44.022389628587,217.785218183803,9.12741649774194e-09,-13.3406183794218,2
2.67,-390.195803930295,-4.68177731955885e-09,44.1092040241999,218.83603000711,1.27854637660494e-08,-13.4477637889124,2
2.68,-390.490715815718,-5.9712382651303e-09,44.1961166455869,219.891565368324,1.76965423495656e-08,-13.555357976466,2
2.69,-390.783368414972,-7.5802459673785e-09,44.283126064677,220.95190291276,2.42489018005901e-08,-13.663404654445,2
2.7,-391.073707012992,-9.59242479848729e-09,44.3702307963715,222.01712454249,3.29369620240966e-08,-13.7719077214255,2
2.71,-391.361674471664,-1.21134909316853e-08,44.4574292956798,223.087315591231,4.43874254773755e-08,-13.8808712723446,2
2.72,-391.647211098189,-1.52776669835007e-08,44.5447199546267,224.162565011745,5.93832564857455e-08,-13.9902996093705,2
2.73,-391.930254204295,6.03005609398728e-10,44.632101079124,225.242966437713,-4.19735712625751e-10,-14.1001972635786,2
2.74,-392.210739060884,6.01445093152021e-10,44.7195709589468,226.328615200951,-4.19450419468824e-10,-14.2105689706828,2
2.75,-392.488597182748,5.95775498798894e-10,44.8071277603011,227.419613062382,-4.14477116152228e-10,-14.3214197358395,2
2.76,-392.763757123563,5.88189112044177e-10,44.8947695866721,228.516065634772,-4.07765215091213e-10,-14.4327548160897,2
2.77,-393.036144054997,5.75377369143233e-10,44.9824944588129,229.618083322492,-3.97618854701896e-10,-14.54457974355,2
2.78,-393.305679559891,5.54296477341587e-10,45.0703003097555,230.725781613083,-3.78207486678835e-10,-14.6569003422906,2
2.79,-393.572281408331,5.19964906638546e-10,45.158184979392,231.839281392451,-3.47520279258322e-10,-14.7697227465827,2
2.8,-393.835863314874,4.63712206874401e-10,45.2461462085786,232.958709286082,-2.96612871662562e-10,-14.8830534206475,2
2.81,-394.096334674969,3.71583778371577e-10,45.334181632714,234.084198028937,-2.11906932275278e-10,-14.9968991800666,2
2.82,-394.353600278357,2.20948619480467e-10,45.4222887747352,235.215886867081,-7.40191188754566e-11,-15.1112672150282,2
2.83,-394.607559996973,-2.1713893190621e-11,45.510465037469,236.353921994412,1.46432658343956e-10,-15.2261651156055,2
2.84,-394.858108444538,-4.15965971022557e-10,45.5987076952617,237.498457028358,5.04439754835893e-10,-15.3416008992882,2
2.85,-395.105134604654,-1.05064720600269e-09,45.6870138848146,238.649653528868,1.08137459474806e-09,-15.4575830410248,2
2.86,-395.348521423775,-2.06881003614828e-09,45.7753805951225,239.807681565633,2.00324548484289e-09,-15.5741205060539,2
2.87,-395.588145364967,-3.69890051501773e-09,45.8638046564151,240.972720339162,3.47486611077893e-09,-15.6912227858545,2
2.88,-395.823875917711,-6.29464281636854e-09,45.9522827279778,242.144958862043,5.81079095449896e-09,-15.8088999375824,2
2.89,-396.055575058418,-1.04200375009304e-08,46.0408112847119,243.324596707771,9.51123623290883e-09,-15.9271626274164,2
2.9,-396.283096655444,-1.69443828195862e-08,46.1293866022741,244.511844835394,1.5344599451905e-08,-16.046022178296,2
2.91,-396.506285811528,-2.72354670018837e-08,46.2180047406062,245.706926499659,2.45169435945872e-08,-16.1654906226026,2
2.92,-396.724978135432,-4.34039543021845e-08,46.3066615256433,246.910078257618,3.88797868728157e-08,-16.2855807604253,2
2.93,-396.938998933304,-6.8721987958971e-08,46.3953525289407,248.121551084449,6.12938234235672e-08,-16.4063062241348,2
2.94,-397.148162308726,-1.08226011234687e-07,46.4840730449286,249.341611613155,9.61489108578034e-08,-16.5276815501145,2
2.95,-397.352270158613,-1.6966112907545e-07,46.5728180654384,250.570543515172,1.50171125192574e-07,-16.6497222586159,2
2.96,-397.551111049939,-2.64877494166521e-07,46.6615822510912,251.808649041582,2.33608955276227e-07,-16.7724449428662,2
2.97,-397.744458959704,-4.11965503088934e-07,46.7503598990444,253.056250747851,3.62051319232937e-07,-16.8958673687172,2
2.98,-397.932071857431,-6.38452387013505e-07,46.8391449065038,254.313693428676,5.59127628255999e-07,-17.0200085863349,2
2.99,-398.113690105778,-9.86098282565172e-07,46.9279307292773,255.58134629391,8.60538772066849e-07,-17.1448890556548,2
3,-398.289034650367,-1.51807328444912e-06,47.0167103344833,256.859605421479,1.32007716167354e-06,-17.2705307875766,2
3.01,-398.457804964509,-2.32968541588283e-06,47.1054761463287,258.148896529022,2.01855538064953e-06,-17.3969575031694,2
3.02,-398.619676708049,-3.56434296010318e-06,47.1942199836081,259.44967811251,3.07705322628054e-06,-17.5241948134571,2
3.03,-398.774299051608,-5.43729101738509e-06,47.2829329872324,260.762445007402,4.67648973885538e-06,-17.6522704226781,2
3.04,-398.921291608096,-8.27083294159886e-06,47.3716055356546,262.087732435901,7.08651376087527e-06,-17.7812143582241,2
3.05,-399.06024090213,-1.25467473440706e-05,47.4602271454332,263.426120610777,1.07082472239013e-05,-17.9110592306063,2
3.06,-399.19069453024,-1.66211460883528e-05,47.5487867295911,264.778251761914,1.39096387507509e-05,-18.0418415922419,2
3.07,-399.312154045954,-1.34128629388692e-05,47.637273027136,266.144852568026,9.485761252567e-06,-18.1736038259075,2
3.08,-399.424069087672,4.77157333056186e-10,47.7256724790464,267.526709102233,-3.66025998069857e-10,-18.306390430535,2
3.09,-399.525869738883,-1.27346625026561e-09,47.8139667832002,268.924518881045,1.07803898486833e-09,-18.4402378712819,2
3.1,-399.616883185955,-1.36580865351408e-08,47.9021412341366,270.339275707083,1.15566966879496e-08,-18.5752046547999,2
3.11,-399.696377756569,-7.45937353495742e-08,47.9901773308804,271.771998051897,6.31616033264874e-08,-18.7113488675085,2
3.12,-399.76353789474,-3.10489674974494e-07,48.0780544092485,273.223818592435,2.62394094335384e-07,-18.8487352105228,2
3.13,-399.817450272256,-1.08086166637392e-06,48.165749256237,274.696002406951,9.11079330150513e-07,-18.9874360374374,2
3.14,-399.857086970756,-3.29799988502245e-06,48.2532356181526,276.189968401481,2.77301119287483e-06,-19.1275325565443,2
3.15,-399.88128509505,-9.08835266013461e-06,48.3404835579781,277.70731415068,7.62459828303959e-06,-19.269116186599,2
3.16,-399.888722124323,-2.30961324335231e-05,48.4274585942754,279.249843873274,1.93387297300157e-05,-19.4122900116984,2
3.17,-399.877886536168,-5.50903816133762e-05,48.5141205009164,280.819597516148,4.60511048933973e-05,-19.557170133414,2
3.18,-399.84686623942,5.89994733298828e-10,48.6004380229023,282.419620493424,-9.30885064669672e-12,-19.7039468371587,2
3.19,-399.79378987302,-1.02976094441934e-07,48.6863391696163,284.051904619242,6.72630753241368e-08,-19.8527151420625,2
3.2,-399.716147974656,-9.99455841924654e-07,48.7717686016057,285.720097747832,6.38770245389486e-07,-20.0036934709206,2
3.21,-399.611027083425,-8.82437350951254e-07,48.8566515034841,287.428180248367,5.76245402835845e-07,-20.1571122834077,2
3.22,-399.474919889466,-8.16613642810371e-06,48.9408958209911,289.180889868324,6.66053946642609e-06,-20.3132448223133,2
3.23,-399.30360052019,-7.54579496967889e-05,49.0243833577276,290.983750961606,6.19555951813629e-05,-20.4724045173824,2
3.24,-399.091241413868,-5.28798889408666e-07,49.1069960364295,292.845474041249,3.8152560408516e-07,-20.6351228007988,2
3.25,-398.831434230946,-5.22348192513246e-05,49.1885223535457,294.773628400712,4.14109370543299e-05,-20.801804750937,2
3.26,-398.514502810997,-2.33470172734333e-09,49.2687472239368,296.782199642557,6.49177641655861e-10,-20.9732918938455,2
3.27,-398.12832294922,-6.78350812543995e-07,49.3473267405381,298.886852035659,4.73127130859138e-07,-21.1504758013574,2
3.28,-397.654959544715,-1.66549200590003e-06,49.4237974412508,301.11186681753,1.12966972917814e-06,-21.3347758526843,2
3.29,-397.067480251771,-1.122109567815e-05,49.4974466008001,303.493260089261,8.35992443936975e-06,-21.5282882051814,2
3.3,-396.321309759769,-1.17288033578162e-09,49.5670974990325,306.090675341254,-5.04436411125899e-10,-21.7344910685727,2
3.3,-396.321309759769,-1.17288033578162e-09,49.5670974990325,306.090675341254,-5.04436411125899e-10,-21.7344910685727,2
3.3,-396.321309759769,-1.17288033578162e-09,49.5670974990325,306.090675341254,-5.04436411125899e-10,-21.7344910685727,2
3.3,-396.321309759769,-1.17288033578162e-09,49.5670974990325,306.090675341254,-5.04436411125899e-10,-21.7344910685727,2
3.31,-395.332843887401,-7.76789765472605e-09,49.630520845581,309.015331312815,-1.03779258667572e-09,-21.9598642640766,2
3.32,-393.901256222193,4.63697939800164e-10,49.6823555636385,312.534057472721,-1.53915007258462e-10,-22.2199719036175,2
3.33,-391.054098634507,4.37558856224537e-10,49.6965139977661,317.934659695741,-3.21583189295357e-10,-22.5899685628477,2
3.33195,-388.920085295226,-2.7017485879805e-09,49.656827004261,321.075177290962,-8.6949984753879e-09,-22.783985760349,2
